{"version":6,"hash":{"type":"Buffer","data":"T2RO9hBA+rQv9FJbjEKxfrE49oCCxPJBbHZjxLbE2yZPQOxtleh2BjaIgYQ8yiQmc3Q+YkeD+LZSPtl+B7F1qFxzEeiLD/038M6d01H5Qs3d3B7wVhBrueDqF8K3grRQ/+CzUq9NrailUTD7G8GRyonmWoRBT38eWN6dxe4Uo4M="},"indexValueMap":{"/PyRpYrrqJ9ykaTodf1olAgPk+n0jzdDoThgA0F7NVc=":{"valueMac":{"type":"Buffer","data":"5mnVgvBgo8qd6iZtlO1FruCDbnEGwXHR0JNDh45dvAo="}},"8uFvfUNEiN6VEhLAW85s339rxwHnlV4wiW4WvAjC2D4=":{"valueMac":{"type":"Buffer","data":"z4jmROKVYNQ5GTxZKIVx/D6IndpH5sDtreItkxzC2ps="}},"UmGv+9gNwQ1OmXyRKbhf4IA/A3Rmbia3kYycEc1TdbA=":{"valueMac":{"type":"Buffer","data":"CLvHfKHABiA6idKVjcptL5UafVOy0XC88tPornOXJok="}},"W4Yz8u05SWsdJKrlML4xCcv+9JCJCLW/y2s3ybSw/P0=":{"valueMac":{"type":"Buffer","data":"L8sjhpqvd2z0YGApepZ5XIwyUGdUGCNZkuoL9gjBjMw="}},"SIpFEugTmzTVrTXDoNfB6r9+JspsACqFv5Fo9p4BM48=":{"valueMac":{"type":"Buffer","data":"Nr5eEszCHJkbIb+qqVq259/RZkROuI+EaQFEEcPm/Pk="}},"hpVpjXbnQMuoaV2DgfGUVwh3pa4iTvf4fBmrNXnwajo=":{"valueMac":{"type":"Buffer","data":"Yw/ifJhB6YWXxj6TbitRofsTUp7Z8IDuxlzlH3kEQLc="}},"QjT3hliOFJv+Zz7RdJXzgSymJJe0Qo7Ya89nAaz4j64=":{"valueMac":{"type":"Buffer","data":"iGdYxAjYOHqabeVtIKVblqKcq2rbtRjdK1pNfwJLllg="}},"gnmWGu68OHbSP03jPrLvEvsIv7Z7WI02StHeHAmgL/8=":{"valueMac":{"type":"Buffer","data":"Hh/xU/k5R5r2vzm1vxDAMdgkXfBRKjilIb/cxoAm8nk="}},"HZC/v4AYR97CYdn51YseGfzvGVQOv22p+o68Ls3PnOo=":{"valueMac":{"type":"Buffer","data":"OvYnAIhWz2ZRw4uZwnuymKwIKMm+VqRNlf3crhMZrzk="}},"8E6XWoByNhW1POkSsYVm4LZEbP6WciTMnDXJpXsgMRk=":{"valueMac":{"type":"Buffer","data":"8bLmrhG4hUM0XoYQBx8cTMH5qVAj4KR6j6esjYK3sY4="}},"zTizxjaNM3Lq+3T5qLs5LXM1LetwxqPikLmUvsVXcm4=":{"valueMac":{"type":"Buffer","data":"kj6PUJlc90+khZWjt/O2nH8DlWieQcVAWtChj5xQNb0="}},"kyYUsHRFJk8UkjP5YF+0yMlHonoobUd+1a9Io0CXAQ8=":{"valueMac":{"type":"Buffer","data":"O4lcsLrMJo85sUl5N1PWmKrCK33MXxu0/Js524VsaTQ="}},"m9qO5pHmeDXzrj5+uOLx7GyLv+2fGFz2Y0L1iLUGPUo=":{"valueMac":{"type":"Buffer","data":"bXn114NP3O+G8gZV0thGuxiVrOx/bJ3jdKvFqcXTBnc="}},"RsST5DFCHS7Ib/DXiM5FygValfzt92eBkfCLtQaTwdc=":{"valueMac":{"type":"Buffer","data":"XnGsUJDqeakdU5jdNzxdwhGTY72azJuER9dkWbspndM="}},"BMEFNAqG7OIz8rbgAMTQgC1J0hLFW8b5QKI5gR/rCx8=":{"valueMac":{"type":"Buffer","data":"wuj88ywHBxS5CjImGohc9th9GIjsXPqk7hyuFwQyEjc="}},"4+4zpoZZllcBKJIZSb+2C6qLpyBkEYgbPItQSKtq46M=":{"valueMac":{"type":"Buffer","data":"tUFVpZB7wXoSA39djLUWQEMJ/+QIRUHOLoNssveWUcI="}},"OX89cC4x+qlJ2EEacuD6CeinEKT0eQB5Yc/x9v5RMgg=":{"valueMac":{"type":"Buffer","data":"cELGRormE85xGmcKB2KifFqoItfMfZocKIiSgpJHNSs="}},"ByCBBUkN5YbIVTV2rP3KTEINp2CRecFhzN/eV+asWGA=":{"valueMac":{"type":"Buffer","data":"e1jdfgZX1BGI+fxITnIWvJ/tJbctpS4JOjyk0mTFQmo="}},"wk1Ufm4wQvQlh+lxedXerUcggIQC26dW43BXPpLb5KA=":{"valueMac":{"type":"Buffer","data":"0Pae8wzpnjPlG4wwXjCC+sM9yXHMKIByhwB0Eb3YnXU="}},"rKnJrKF6z85bd2lhkX4ktyNqnsnE6o5pTrhfSoOOSqA=":{"valueMac":{"type":"Buffer","data":"6QmifWukwE6cM2LvwqdWzHob5LUVIT1zr3CL8tOSBtE="}},"wXrQnVX7EXvg3ucVRgyc/kCRnfcIS1HC9fDY9x8+/jc=":{"valueMac":{"type":"Buffer","data":"az2ntpKJr/Ci7panJdMFP1EVd0Orv4EcjtORta7xcYc="}},"9gTTEd2WZQhukrRa6Dip4rLSs8KmlHYCuB3ZnFVc96I=":{"valueMac":{"type":"Buffer","data":"NjyuzaWB76vdqpEzm/TQVZxBFqo09OzYSzPLw2SvLg4="}},"jlIGozrm4mKgIvt3vl7tHhZAizSegPmV/tpkq7rsrNI=":{"valueMac":{"type":"Buffer","data":"QbHWJOL8m8R4W1grZGwe9mtVfJkIulKxUnXjDfJY2A4="}},"0GjqhxCf6KnbtMhEU2tsuyYs2uMNoF+ccGhn7BnRbT8=":{"valueMac":{"type":"Buffer","data":"LIFcCEl77mu++1rpMcvc60mNP1PXUu6D5LdFH3WsNCs="}},"3tVdabJJLgXN1vtYbpeWYMVERZ0JT7ppUUfohb5RYtk=":{"valueMac":{"type":"Buffer","data":"sdeu7AHqMMGCmmG5EAWzADadW8s2ITSbVMxRhdG9PzU="}},"XiITqZL3EDj2KL5PjhIv5fpQhZhXidxkAGgm1smhlU0=":{"valueMac":{"type":"Buffer","data":"xVTbclW6Y1OriWmeMVHt8Fc8oeHEpRhXW8EXHOyqWlI="}}}}