{"version":8,"hash":{"type":"Buffer","data":"QOZxoNY1mMEfprHwPRNvRBGSQdhIUIq7CnPDPJdYioAbNX7T1A21ag/DtfL6oaSXRDKF940rhP+lYgqcyWtNxJaz7JqxzIbWFBrPKAijmIPRon0/kcMS0uStwFqg4a1aSHg0w1R0QgLtq45I5FsNhYCJA903WQNiZz0Q2U0dy0s="},"indexValueMap":{"EfcRVztkiGjt2t1CePDUf495GqcJNXmfhr45rZ1pdVs=":{"valueMac":{"type":"Buffer","data":"QVxg8ATl3pdOdA2RM9Lpna8R5FnNrS+ma+V472erLr4="}},"GS+74z/QdxTvwAXAlOdTKGYDuN1a/zEx61O8TxP3pnM=":{"valueMac":{"type":"Buffer","data":"o39cQ2DcQtCh33SR6nRIRceWyw1PGaHvwCxE9H61jks="}},"IL5NoF4rGHCzbuYkLgOl8OFivvA/ZWo2Pd2RMTETaH4=":{"valueMac":{"type":"Buffer","data":"GGPx6Vh1MS7ITnQqQNlH59/UZAI5bLes1+LO3N2x158="}},"PNo1eiXZ2m+TQY3ib80cxbstCXTRJTNPGGoXrPodyBw=":{"valueMac":{"type":"Buffer","data":"B1J20gCMr2hRhQW9CFNZnQJmksW3Upqjt8TvH0HvFuQ="}},"PrtX9hlxztpg9d27csSkX8bE0CKb41szJ/+T56v6CHc=":{"valueMac":{"type":"Buffer","data":"UJlVuQr9hYjVUAAj9716Qgrg9nr1XP//02f4O2O/Vto="}},"XqmZ1q+lDgHigZYCnZTjnZNeSdfLikKw2AdCldAKHUM=":{"valueMac":{"type":"Buffer","data":"dZh08h8YaXLVr6ofoUdaLITVxFjAwgSnP648fNixquo="}},"Yukpg6GiTTBuwzSVx8HnSFYxEpOfgTHcBdtbVCjS6/E=":{"valueMac":{"type":"Buffer","data":"9vKbcoMU1f9W0R4ZZ8yQpx7hKCAo80IpMR3hRqAZ8Ps="}},"brPWnHT/qtcbpFzEvZ0QSBJGTOjS9xm3ab4AstwSxI4=":{"valueMac":{"type":"Buffer","data":"HEw0FCdjH1mfe17r0KeVAh5fgVD89IxBZJMyBLj0/iU="}},"eA1seFlhPwGtABZGO0K3pNIgUdssgd+Fz9TgP8HwkNY=":{"valueMac":{"type":"Buffer","data":"YwH5pRzo5LiHtj5bmNH/+M3RhT68J5Do41caP+85Y/c="}},"fFtezDPwWgTHKCRmj9GB8bKJNtvW2X7T/SbUOwhdQ90=":{"valueMac":{"type":"Buffer","data":"o/+TZKpi+Rsw/da9wDM92+BEh7ppG6Ey7xNsXCJ8TB0="}},"jqNwPkbpuQjTKNx4jXH6SdXUQxuShNDfc/dw84vMzXU=":{"valueMac":{"type":"Buffer","data":"gQnJLd2mLkwaxs4dqfdWeBZ7x3x1iEpRVfjPoVXqGPI="}},"3tRL32mXb4GhPoCd1geipmOE4KZRXdRZx26G+yJSPr0=":{"valueMac":{"type":"Buffer","data":"17c94CG41GG0bAV+q1q7oUBnpMjq7rYR/sMgeMWa1Zg="}},"6KSoWr0M+NsvAC8wIn2yfGez6YF521FWF6HTitEeKEw=":{"valueMac":{"type":"Buffer","data":"kDrOtM3XandNcLVYQ0x/XYOSH9ddaly9JxxPLbCz9zI="}},"7E/8pioMOLtXQvPcN0UzKaK8HSVJ1iGNE5ymqo14Eto=":{"valueMac":{"type":"Buffer","data":"bwefRrAd7OrCu0tf+9fAQ1SwsefzvglWJ4aj+otrRW4="}},"7Iy/Zo1879QcIYfSLD6Gm3AxP9iipqGVGRUlrmn58Do=":{"valueMac":{"type":"Buffer","data":"Pb92YfPp6NcBlYsDH0rOxQM/BfdoIXEYQY/VzYDykL4="}},"7NkLbXKLOgWge4OBZJckRWslhtu5zjwK8XqYyIMrZg4=":{"valueMac":{"type":"Buffer","data":"faUKz/j4Hp1bfcGmLf6U8n4/wQDejTifgyhFS/4dlrw="}},"7quqOwoLvoqUZIqiI4QSU66n+/f/nSxl12TPAiM8F54=":{"valueMac":{"type":"Buffer","data":"qcrbWc/EazLAtwKx5nqPdLlkEgmtb2rqM4FXGrNDsM4="}},"8qg/b3GIc10jVuFhyz8c8KqBH5dtR60l3X/pyCkMBVg=":{"valueMac":{"type":"Buffer","data":"oe6CnSTC0MWrwLAoSa+u0i+7hHDcVYNdQ9CkYM8bb5Q="}},"+RGLk5mUG0m1iMsWW5GV59SivW/NEaE0gRAIY1OVI18=":{"valueMac":{"type":"Buffer","data":"vyyiZfvh24Awm07YC5eT0dICRfnIfsxScnra4yoUqtg="}},"OD7bB6/jmuKzL7UHFSDk7YIeH2yt4HrYuHDh79LeERQ=":{"valueMac":{"type":"Buffer","data":"UJ/Ol+rTCqmzZAluj5/5Lyh7NqsAoT4jXf4hFusxqkU="}},"vrQ/JNyb7akiOmYSMWZB4cFCuw993UrB77RPSIhCW/8=":{"valueMac":{"type":"Buffer","data":"8w7TvtusbeHfb7DlDy4GAXv8ed5QHrm2l/PCQEk6Vvs="}},"wUamPnjf/2wTSomCMruVYO4oRp/Gvi8cLPFodozD0C8=":{"valueMac":{"type":"Buffer","data":"fUxs/Q/KkbWeWp5686QmiTwdlMAZfXzfEypXeKd6isU="}}}}