{"version":2,"hash":{"type":"Buffer","data":"SNyweXITGvyapof5tHDmO9kruIb7j+4UEqNxPtO1+21l9rS5c6uE4VsJiE4tJI58NUjgiO0Gs1eAX+7ETSDRI8mt8YlIwW6BDbxEYd5RoFWoQldD+dRd3lqwzwopP3mb9C10xlvKwwyvleGxrJQ17F9fpsBsH4JYYzZU6FxxSgU="},"indexValueMap":{"zQV+hl6KTEDE2hM3RwMmjhQ+FEbgXY3e74k2Ibw8ShE=":{"valueMac":{"type":"Buffer","data":"Zp+4LGE3BWD/h5bhDycSwFJQhcbR4dCwgoMzYMe39Qg="}},"6EH1De+kBaNrS2ZRQM4gK/mlKMLNp8mgDnzl8ydOH6w=":{"valueMac":{"type":"Buffer","data":"W7E1gtx3l7ygk/a9MnJ9rjDXEA97oCsGdxOX/cEfKdU="}},"kYNORNXwIwk9QFofM+WWFtJJSuJHNs5GfrM56N/H2m8=":{"valueMac":{"type":"Buffer","data":"x8N/Qt4+uEUvYwxyUmtlj7HyBVHtGj3X+816HMx3Teg="}},"m7tSXXv8C9q2xpgpsKk4fmccgEACdWfdgdRuP+9dvJA=":{"valueMac":{"type":"Buffer","data":"I3+iB4XBxNtq17LrpR3VN2SZiA8MuAMmw9z9qTiVgUU="}},"Eq/FltRmQymv0LmzDtaY3X3marPyinB8dXgDDtHdkJk=":{"valueMac":{"type":"Buffer","data":"gWWcqx82ySeJos44pEMkEECAFwHX5AE5EEP1wvpIh9A="}},"mzWXwXIancSYg1yF5AG6jRJyPGu1TTN9/lt9gBrZ7k0=":{"valueMac":{"type":"Buffer","data":"XZcH3+JtmQRXca/F/m4a79APD904aXixR3aSCU1P43M="}},"ffddCaxxwSXzIRLt122/PMrcKRkf9r3B8GOMd1qDd3E=":{"valueMac":{"type":"Buffer","data":"o0jgyk2nkelFzuCEUPsdd/aiqr6OppH4PlJDse9uf7s="}},"izeD8b9GNm5YZh9OS8KTUCOiF7XFzcFvMiwtkBXNCeQ=":{"valueMac":{"type":"Buffer","data":"rt4vHFDeX+E3c6VITU8HFAErGrNtirpT4RGo/jBTXrg="}},"oTtLWVUteotkhPFkd6C3JygX1yHZsfCH06CqAgsofSc=":{"valueMac":{"type":"Buffer","data":"89Z/hhjSWhv5UWc7ClFZm+uhz0aMkR9R827GhrYBWb4="}}}}