{"version":2,"hash":{"type":"Buffer","data":"BI/uc4b1WQb84MxXg121O9/cbqYat1suoxL28jBoUMciHEeOXzV1gYfNunYxKl//onIQYQx7YeJ5QAirwrSFnkCr4p02f7avc2hJKTNZHkyJWa8wLppxSLr5YLBuHSGFPN/xOTZnhtWmKUN+/5HkP9OGMQ/ZGMufPNKKJshRbw4="},"indexValueMap":{"PcGxSrlZJSHuZ+h3bfI2h8FFCM574jfizTHWJxzzG0U=":{"valueMac":{"type":"Buffer","data":"ZlS0zQuwkOMLNuX31nB9haZNVfW1vXFu4R2TLR8LjvE="}},"QnuvC9CszEf3CIyJep7O8J4d/RA0JowIEqZY0ch9nto=":{"valueMac":{"type":"Buffer","data":"j6ZHLcog5bay1f/x07gIKxqU6TP2ftoQW+B61aTTYJs="}},"Tv6ACbQGvGSSKJ2pRjiyujZidi75ruF35pAl90lJLC0=":{"valueMac":{"type":"Buffer","data":"5qnNU2VErstkFw+hGpxNLfCWURJLe4h6KwHLplJmBW4="}},"iObLcJeA0a5YNvNr4AT79/qANJS9UaiXRwIt3ySy4m8=":{"valueMac":{"type":"Buffer","data":"8BWACE6GSwVW5Wkl/Yzu88B6ffWo22PiIGqbpVRafRA="}},"iZIUh9pDofh/mQZDPngUIaxNYvFo8mpxl2uE0HDD3lY=":{"valueMac":{"type":"Buffer","data":"/WDXa9cXYdZDx2bfxADvAecq0fvc+uhDd77FYK8hjsg="}},"2k4BWDoLmrksr5ESiyoRUJjlUsvyPaGzAnB1LkUr70U=":{"valueMac":{"type":"Buffer","data":"S3fUABONe62xysL0OCnwKU9rO0eAJhO6Cx/VjaZlaos="}},"6CFZDyXthhGJDEY+GtTP8zA+HwZlvJ1X2kCoNzyqtAE=":{"valueMac":{"type":"Buffer","data":"GTtGS5XHdHi8Pp360Rm5ZdpZg2prwUb/aBPrfsZGA5A="}},"VjMlFU+lhLJGXSGLcFzKnHPorPxjMyc06qwTF+LpKJo=":{"valueMac":{"type":"Buffer","data":"EkPDTL7FZ6CaQs98+HAtnitsiD5tX451CdTQkTlXv2U="}},"zyI3uoRElyfHJkgxF0sFk+DdQd6L0v49CNbMjxWmwEk=":{"valueMac":{"type":"Buffer","data":"+zKCr6yxVNMIgrPgniC90XzV6CZ4r0fLZFN4bQcqmNg="}},"G3MaeVe73kfLbV9Fj/e2JTx6edJkT4ahKHSRkuOOy4A=":{"valueMac":{"type":"Buffer","data":"YgfzsLO8TfpVowcqac/zdS+qIQpPOw/qyznDtMwqJIY="}},"yCHZL4j2A6ZPA/+qbnul1LJEKX0b3cK34wLHMu5DpSk=":{"valueMac":{"type":"Buffer","data":"gK4vcMWZLiA/lULWN93uinAXS9XUFXjsAMYNs1nfGck="}},"0t7j9GQWcxZjgdhjWglfD7XNsUaZlR0am58tQntgJUQ=":{"valueMac":{"type":"Buffer","data":"lN8i/nIrH15E8ABwiY2O3G03WnnUwxeJfNZbn+jmCHk="}},"h+ICZwMDBAJVsw94ZUUKvVoprcRZ+HuBjN9dvfPpS4s=":{"valueMac":{"type":"Buffer","data":"RFj8qyYSJYfyfFVoWFfWN5fa92kyzQ2cBFFV3IdfJKY="}},"IOKoRMMQEbQUMrh2S81BGg6cFvFBj0n0GgwCjl5m21U=":{"valueMac":{"type":"Buffer","data":"gVwuwwPEgZ0qyvbd7VOqNzFDNJut3bg+6p/tTa0Vl8I="}},"7xKvY9NgArV/81kk4ePXEH9hECTNXs/dIvv5tL4v6FU=":{"valueMac":{"type":"Buffer","data":"r8/f6w+vNYg5qS4BbSvVJXo5JkWwZRmOstQnA+OnDIc="}},"jr8yghbHGx+oSk6E/oagIRBnh/jqOtxgF8q2SHFWwEQ=":{"valueMac":{"type":"Buffer","data":"w88A90tzXhus6udmm1Y2PJpzSQgqeW++2pT+0iuxCBk="}},"axoZoY/GKA9xnC33v3S8YkMIcVELL/jFtn257rfiZMY=":{"valueMac":{"type":"Buffer","data":"FU813WmPbTjCjqOPCxYXHdT3ZdwilZMr3ZfnwMxJqmo="}},"WC+ZEUMZCjTD4EiG5dcE69KDp+4QCiwkdBAZY3BzgpQ=":{"valueMac":{"type":"Buffer","data":"gWqXUdO19q8HJ0Yww9Ts8ABMsEC7BFBYirQdRJT3bbc="}},"JtGve7Amw4/4GW0+FC8zLS8S6j2LnFPy06AJs3sxagQ=":{"valueMac":{"type":"Buffer","data":"NwX8q036X1FnZKuMvFhp64JhC8XyIDC3J2nxeiZbfks="}},"ObpVH0C6FzmaoZAR75RcefRFfKzz1NZZukD2lfTQ2Q4=":{"valueMac":{"type":"Buffer","data":"O3fMjyVzvOksKEmYq2v+9tmfvfYeXd60WKWaHfmz6Gs="}},"4vQjYY/zZHrSH//+G8c/lSMHwRM6obr0ONCLwzPNfdM=":{"valueMac":{"type":"Buffer","data":"bU9mWeRblEY3crCD+NKFxTee5Ign2jc2S98vJ1uSqvw="}},"6koHFw9FhsR34AC8T2DoStBhGZLSTv+34E4tZmfEPlU=":{"valueMac":{"type":"Buffer","data":"xBazIWPMaMwjG+Ud0oaxNk9d3vOOBPm0y+I9aVAPUnY="}},"hpt+iIY+XpmOuL6NNPVETGHfDZD5q1OwG0nk0nC22rc=":{"valueMac":{"type":"Buffer","data":"eBNLKm0rDyMXA0InMlflVGpTVM8GN9wFd9rqwGSv08U="}},"fll7qRzIjfbwX/I81tkinIby8tvMjDRKto3BpwUSd/g=":{"valueMac":{"type":"Buffer","data":"ua44xcHu2cTA08pluBU29YxCtr06C83hext/EujRA1Q="}},"X09Eh7OJ5F0jmeU2bkaQp2nfrVeXFU7l9N8RXRhp96Q=":{"valueMac":{"type":"Buffer","data":"2EFUsP0FAY+QN+/Vx3Rac0sKdf6F1H86jH7M1HZJ4Ic="}},"zfZxFmN4T3/79PlWZg6D2kN/ThkteS1PNfaxXG1Yx1U=":{"valueMac":{"type":"Buffer","data":"yrtgmq4GGSJ2Korf/d0GL4VZeMGPc4ofEVTi3qyfCxU="}},"P50CME5tjr3hoGx/WcCKOwG9eEPUHmSFt1fNOF62Hz4=":{"valueMac":{"type":"Buffer","data":"cxIoID46sPOTr7HwhKRoYWHw6oXg1L5xTQYhsdWfThA="}},"McPSf/XKsI1Z55VgUHHmarlmhI2zrVqXCnw3mqx3NjE=":{"valueMac":{"type":"Buffer","data":"w2i41QjWV0TaJgS6kCWeyNuEZUtI6OuL0or19K9v87w="}},"NvOc5Sn72S4n5/aMxA+rx/QE07l7me/YhNNMnvnWmKM=":{"valueMac":{"type":"Buffer","data":"//CIeaB8096ZAGCwFfC8CFx5yXjQwWH75D1BFTD37QA="}},"qY4fa0Ip7eeOQOVzxFxLQjzyh84tteR4xLWKt9DVLiw=":{"valueMac":{"type":"Buffer","data":"ZrkNMPpXsgCHgW6Mjr2xNuHtADhDcDD0rZNoEUpgXqg="}},"edY5US/ux9jWJowe6y38oivkYZA8oVUU9qSEoyHtoo8=":{"valueMac":{"type":"Buffer","data":"o9bMJOMJjLWCGwqCSoe6SHY9sm9km6txsa8x74b6URw="}},"J7EovP8DtTKqwyrpX640E+5sx0X4WGT78iVzT/8SuKw=":{"valueMac":{"type":"Buffer","data":"vcPYkJxeNRB8Wdnd52tZmHEwoG3oLZZsQ3dUpGdwDrc="}},"aNsZQ30feqKsd8Din0nhaF8iiOUKi5ZHYUbN8qkd8E0=":{"valueMac":{"type":"Buffer","data":"UpBJKdLgcINIYtw2OZydxFYARGf5uy5HyS+yJ3l8s2w="}},"qXSpsLBy1SW6mfSOTwOuYN+rF7kYZFOH3V2iSovg8Z4=":{"valueMac":{"type":"Buffer","data":"cgKoDp4XDdgvxPOacK0yWEUGx0zW1mI3TVBwjttlZ0U="}},"VwM+sgak4VmD8Oka4Q0g5Vrn5QcCjv6iwEcObTGsq/k=":{"valueMac":{"type":"Buffer","data":"EIpasLQqok2AVOvcCALf/GvPTO5CVKwiMFNWI5EpzwI="}},"f47FQH4FLJW2ZI6p9qGNjStgvayT/QzSv/KC/KlWQTY=":{"valueMac":{"type":"Buffer","data":"p7BeNngS9VhbGMOOUp4RW7hvgqjmzXJxSsPFRc73P40="}},"1FcdjSOxt/vdjz583/oKUwDFapro+VIdQwKf2NFyRFk=":{"valueMac":{"type":"Buffer","data":"BhaWl+vqJwSNBJ/tU8i2Lc1PSMebVen2FjRX/CwgMws="}},"f0NbXB5O7rsnl2WyBG28jZzmITkdemYMgedoZxPLoOg=":{"valueMac":{"type":"Buffer","data":"rJpfyXRWARQGjS4hpwKEqOIyJyeCG+926bJrH8TGnkw="}},"oE1SWMBNHC2crfTLikZww+4emhojpFXGc90xZ+re29g=":{"valueMac":{"type":"Buffer","data":"1t54Kzn93cxEbqCoJW7RZ4NsU21JBhTgyWfQAJx5Hmc="}},"9GvMxQbGisCqTYJ1MFgUFKKkJmXLSL+3WazXx91ueDI=":{"valueMac":{"type":"Buffer","data":"3jtIH1WgJIh16Lt+KPHQyOq8v8YFpKQA4rb52BmhMhg="}},"Y8I6sxPWCeoDjIK7l0ByYtLqEffwqhO0yIJs1buYNuM=":{"valueMac":{"type":"Buffer","data":"PfuDJyDKWO7yoV2u9u3QOfiKpyLXRYsedipq5UTiq54="}},"YckOsqc91RBaqy3Bi97g30XWRZZqITpAXrED1RVneb8=":{"valueMac":{"type":"Buffer","data":"VVYan04CHNqfwFDHmt1TiyhMZ7TbxNMcHnZFGq+d6CQ="}},"dO70Ga7sS1zMnOxP8YSU6YC6dJ/UwnXVUiY1ue3MaKM=":{"valueMac":{"type":"Buffer","data":"c/+BThdLbkXwhs31wLLLmDSI3AWJ9tum2ZwAGqo6gis="}},"PUQX4cFzBQJKo2HIy+176RRePVpTF7YeO4fNi5MpNA8=":{"valueMac":{"type":"Buffer","data":"CO3sLOCTdBqUTMfW2uWweLGyfuoU5RM3tDdbUKLgdEI="}},"PZqUnKReGEe/j+ylt1vs47qZBcIrW+19jzKLKeCVO+k=":{"valueMac":{"type":"Buffer","data":"0dacxHUBYFBhdj/pAFkHwNtKV8XOAYLLpArbbBMWAIw="}},"hbreEo5rrFRM+kmNHNZUt3cSnM2l9OAX4/cWMIgIO0Y=":{"valueMac":{"type":"Buffer","data":"XjNhSjpahJSwPh2o+qt17eoEPrpvr1YNvUh+PK96Vbw="}},"WqGQ917KCTg2KIdq4YwBJtUZz/IIO6Xd+qIKaBTGgek=":{"valueMac":{"type":"Buffer","data":"x9mAq7AsFK3iYJe97gRvEuyh1ELkx0QW0e431N3xzIo="}},"hFd46fklMZmIScDfq9C6zBv9ORi8CHmd/2VtR+ukWkg=":{"valueMac":{"type":"Buffer","data":"Wl9skbsamUSiMp+vqVnfW6zWUXIsN94p3+YJGiTFdwM="}},"62lMW1UewU1xKyg1kAg4053D8PWhGezVJUUTKu95PwQ=":{"valueMac":{"type":"Buffer","data":"4bGAPeimVxdZSn+MBWVz5Ppr3Em/Tx0k4LvDb2Kxfbg="}},"QMelTiKO4yO0+/koELS7VeL9GOxLD9pN9tgSvZytiYE=":{"valueMac":{"type":"Buffer","data":"5DUKIcJwOakA9bLP+zEfbICoGna8QqlJlhGnRN3LJ74="}},"/v2YnYAM17bfnwISELO8MTDUji4rrE9t0TnRz8LyDrA=":{"valueMac":{"type":"Buffer","data":"H5cz7/+BYfLU0zTsDf/Y7qHRanyl0VC8Ael01Vzx6tU="}},"QqQe1mlG9SOQbMOwqQuNMo1Bcosk7TJuQ75eOZ1rQNY=":{"valueMac":{"type":"Buffer","data":"vfy8nWLyla64ky8Di2hMb+qhJQwo8733ofclYIl396Y="}},"Y73VFM1dHsczfzGshA5gyavOB/rhcx+Rvd3Ybqeeem4=":{"valueMac":{"type":"Buffer","data":"/8p0fepxS8As9+ChK3W1xJC9v43FtNbroVIJYWZrsRY="}},"I+r6In5oTAYlpLxLfbU7O46ZOrmcjT7pyvFR1U5cN8E=":{"valueMac":{"type":"Buffer","data":"gn5XX0DKIrrPJoQ+/KDXuQxTaXjMDhmVJY7Ax33uqC8="}},"LNfYJb1zAU0Qg364hOfXADJKvp024goJbu1TVijg7O4=":{"valueMac":{"type":"Buffer","data":"uju62VI0VrHo1wlkq4N2yNoBLVZ31XmClkQch2dEnDU="}},"BJ+ELvnNiH4vM19sJ836N+IjwUJW0RtG2/hYo83ijwo=":{"valueMac":{"type":"Buffer","data":"EABrlPzokDWS2Hoh9TKomUUxbueyzJ2iBvnPq/FlraI="}},"wYfRv9BIS21BP084XmOSOTwR2IfrwcV86z7LB4GUOtM=":{"valueMac":{"type":"Buffer","data":"OQiUcbHxQ2GRs7EJkPvZeL3NLAeztJeg1NqYkBUpzQU="}},"iaLPNXIFoGf4gh2MFwQ3jGJFxqEixM5cZVd0xMiKEI0=":{"valueMac":{"type":"Buffer","data":"jyhBs8l/GLGBqgxo3WGg/qKkF0F6JJ4WLVyqthtTYEQ="}},"/R+68/uDA7bNyMuJ5EKEHbHenkJgOg55QEvZ0V0AULQ=":{"valueMac":{"type":"Buffer","data":"elgJDmBs9iG1pBfWYUx0q9kGMfFNUD12wbjk2x5kj4c="}},"e2+DmOJ0VDztFYlCA+P0350ZhPAPd8k5XcvySHafTPg=":{"valueMac":{"type":"Buffer","data":"cMyYjrQw6aIVreR33UJUrwx7rxW5mkVEKOIgDKZ3Zjc="}},"+o51RxPyhQSxRSSdtFxvSje3ValH76px3VX+6YcdjNk=":{"valueMac":{"type":"Buffer","data":"yzFHVYnhaeGcXMbN8GLE7ZhMM4U78oMoL3FKp/w8z4k="}},"VR1nesAppDpD1oR/AuOFAvF4UDq0ntU4TaY1xR7Ih7k=":{"valueMac":{"type":"Buffer","data":"XGigveSt7XuU5CxhxsJZ3Ya4F/dLpckQIcHrfZtbY8Q="}},"7HgGbsAgcMAZrXoX1IpwgZsx4AVjfB0QV+60BMm34lA=":{"valueMac":{"type":"Buffer","data":"jN25MskwurIrwni1X/PBVIwCGNiu8co4LRGCbFGo+og="}},"TPQdvQ5FruYjBjBZGD/8diFBg20/kIGzxK82GukR76g=":{"valueMac":{"type":"Buffer","data":"mjgz/f9btJYVmeje5ohcH8eKiIariMCSwPP+fiO4TC0="}},"xqotJ1i/WWmnMNExDF4WMGe4TGfFojft4fNTvY9ADJ4=":{"valueMac":{"type":"Buffer","data":"urZ8a3c/se2vEkJrkE/CETAI2KhINTwqfMKCDSJp8X0="}},"+XFYBijIwptXsxGxeYPjW7fm8RbxPkaKccGJrHdO48M=":{"valueMac":{"type":"Buffer","data":"akbpROiLPem2AJUYeBGj8n7FM1Wb5HLwr+IWoexLxMM="}},"3Nx2veF9kLDfVmLT0ix+igr6+tI5PbxSAODvyzL0K6s=":{"valueMac":{"type":"Buffer","data":"zzcsRC9AqCGDIOXH2097ZKHQMS3dTOgEuaFnMFqySzI="}},"xE3EzJmPK4D3jpIKCnNygEFm9Qc/p93NyS1yVC4QY+o=":{"valueMac":{"type":"Buffer","data":"l53hvTMV4oiGRZYlxo8vvHSsm1qNp1tP6XpVrfgjcw8="}},"Ja5yCIin1uDBEmBb/X1AuiG/lIsyy+PkqbMozNG6hmw=":{"valueMac":{"type":"Buffer","data":"P/4A0KBvYChzBv48DDQKgZ0SbcLEZy1/CJwRVC5YRz0="}},"tzGyheYYZbxuSmFMRQescHxbRx1ax3Jw/JdZsfy9nKU=":{"valueMac":{"type":"Buffer","data":"TLziXBrEzuSbsSb+BSaJ9N/uIkuOE8qDgWwTIcKpULw="}},"onxvQJxtAYOIWz1X/zZSjhTsKo/ska6olWFFAINXPxU=":{"valueMac":{"type":"Buffer","data":"puztzLxU2iK1NA3YPuU+Z27Qyo/cyoDXBSUysTNYZcA="}},"2Bo0QuAFAAooUy63oMtlAdd/qyRhySAuc5Xa6gpoDI0=":{"valueMac":{"type":"Buffer","data":"svJmxZGAGGnZUdu4eeYv5ybkREimlipGbhuVNvWwDio="}},"8soOp9Q5HMiRAcZjiUNsGUzH3XAUDf3Uv+3dwtasH2M=":{"valueMac":{"type":"Buffer","data":"5zPTbtzYsWM36QMQtOLOQClXvHaZxKg+6ELqBryuc6Y="}},"mNGyFuzYv/BS2CbIIMrwW7XKxeigcqIzSAWuw3spEUQ=":{"valueMac":{"type":"Buffer","data":"KTBNVR0o9A3wUmF7Uh5YCd94WFr17fXWOaD4mzBiV28="}},"ZaPaRaOKntoE6W8RNw++m9jdYCD1Cl+8/7Bdss5VRqY=":{"valueMac":{"type":"Buffer","data":"ApsypCVigBUSqdwlMi+mUX8Otkbt3CYmPd2Aw9bXkpY="}},"e7FZ5nxji67zWOs47N6llWCtFEbpB26IAZva6f7FF10=":{"valueMac":{"type":"Buffer","data":"rOtlhzOdIGLfjPHoekucP9FOb5g1DlKlQjm7CVOhRcE="}},"+IknQs8jmF4zFNbCWtmTjf1lT0K/e0xjasZW9QmuOJc=":{"valueMac":{"type":"Buffer","data":"mnn1i1tZWRWiYkmicg+cNWQMoyMXtT8eWY5nKUiGjUo="}},"HAMhD4oZwB6o5CggYa8pDhExxV5Z+4SWpkvH7VGM4NY=":{"valueMac":{"type":"Buffer","data":"+ZSyXwN3yFl0lyCPlpEayTbutvnkLHU13xsM3i615yY="}},"un62Lbo2ic588TIItSZUkvm3PHTouSS8QwdQMYzwPUA=":{"valueMac":{"type":"Buffer","data":"ASLhbDTmDvPKYk0jIIBeSj4l6hqb5N8s+UuS3wxHqpw="}},"69fZ7KCCSO2VDdYzBX1yXb4Q7MXaLr8bhspU/zjCtG0=":{"valueMac":{"type":"Buffer","data":"PvMqStTTYN8S2sBRYz5v3aicvagFBG9ryIWBpNL8aS4="}},"9Liinggig+CDPGe/ipJq9tj0nJ6dYD+DGW7s3gMY9O0=":{"valueMac":{"type":"Buffer","data":"2Dfib5jhBkugfNDhfDwjjjZ4tWC72bQXdx4X/tiYLYE="}},"/X/tP31kTElOVtnsP/y47qMFkDFFta1nlFECn482uyQ=":{"valueMac":{"type":"Buffer","data":"YcFYKVSdEF45404bq7U+58UG5r1mpZkYYQefxE8lOyc="}},"/3SSYpYzuIFapimf44Wz3fi0m7tSyRxMWnsYzPwp7mQ=":{"valueMac":{"type":"Buffer","data":"KTILJwfc9irW/V3awFbwgLqVEqSe7TxEYLCKJ7AiNac="}},"IkgbKprAJx4hKWl6Wnn+qQnTrNyZi7MMTm0JQXyJHPo=":{"valueMac":{"type":"Buffer","data":"H5VT9MxT/3DxEy1AUnDjON6SUyy0zu+7A4hXBxOQOv8="}},"q3xUrK3buCZw/+E4ziQFoCr9NZZv1egXsAgI26jYHhE=":{"valueMac":{"type":"Buffer","data":"jXxfSZZ28Ygm8qtOYNrlde4T+OwYrUsiJdrgzyswy3I="}},"mdD5VrcGFtIfKmXxevaoKzryyurFex0irSJAXP8VUoA=":{"valueMac":{"type":"Buffer","data":"NKrL0bdXo/qFn0RJUz9M166x+iu/LiHokGLd5aq2i8U="}},"oW37dlu2epVEOz2gHKWYQeJ3C/SThUeupUh2wIXACyo=":{"valueMac":{"type":"Buffer","data":"RatvS78FHnqL6ivc/6HLCMBuKGAr76ty+zLC0OG9yIg="}},"0kfbyDVCOalMkM2j0qL2YLpYa5Vn5XHTqvxdYsBzP9A=":{"valueMac":{"type":"Buffer","data":"STh9KE1v0HnVoJsoC0Ipxjs6cknCt530LVs50/lJj/M="}},"RO4F3w4tIEYwlL9WWvawctI4FhEd7WL+JiiH1t/VmO8=":{"valueMac":{"type":"Buffer","data":"rE6VCCG+aEUjGm9H0MFjMPR/iwfAdRGxycqpScvQKiA="}},"kNTZ3312ZXblBhZ9spURJv9jFswcmYRaJXSgInX1NZg=":{"valueMac":{"type":"Buffer","data":"eN/368l10wr0ndl2NT+a1JD1U0RQcz7y8yCTTp4/VA0="}},"k241LGCMzhEueONyP5dUwVm6+6mhwz3zeLn/sCqbJ90=":{"valueMac":{"type":"Buffer","data":"eL96zS9xy8T9n7bafL0EYKh6tLajEV7JguZaO8EQ+xM="}},"WyU23MHb2BBm///7hgxQmXRhO5K5ILVWqkUhrhACINE=":{"valueMac":{"type":"Buffer","data":"mfXsCHt8py+Sk9MKk5/fCsWlMrvxBeLkKY+2t+hGgIQ="}},"WbJ+j/yqHh2gIxycMHEcmXGiIE9/Wem0AwBalmYEkMI=":{"valueMac":{"type":"Buffer","data":"kkZYnoxarD5FxrkKdfQDjhziPjR+/GMZVzuf02VKYPY="}},"vPoqb/NFC3bQyYJLn3P8olqeEmtF5aYi0KkkKOr31nU=":{"valueMac":{"type":"Buffer","data":"8oLAxeN8jNhdm1i9NOsBzLAlTdW38xFDo1vQgyNhqTo="}},"uXrqudZ6cfpZlKC1Zze8KGDtKBUZ2FRdKa3iRdA02/g=":{"valueMac":{"type":"Buffer","data":"8OJevvIEyS2hRQ2cXuEojVaIg0a1WHOrwZqzf+PVtVw="}},"BgdATxQ7moCzCao2ux0cvsc132psVFutJMjJn/Dx/4o=":{"valueMac":{"type":"Buffer","data":"afOGM5ylulayfKDWx5HusC/Iw6jwi/Q8CyWjgaMHBag="}},"MsejFpQEoL1eTXA1N8TjEtT4i4tX2sfT8XEPka68xJs=":{"valueMac":{"type":"Buffer","data":"RxLMWT+//WmphbcIYNAEiHGTU5Z7uqsOPJlyAtP7ftI="}},"7kDKT263ROOU5jo2edfBkMWChwqBX5mamXPJ5ngIiYg=":{"valueMac":{"type":"Buffer","data":"diW+xHx72Ogm/9lRAuAPDcPhLRAzdGalL2TLQyZw89U="}},"FcCpjWrmBa5Of/ds6P0IOsaNRibAwnScywFNuuhllrk=":{"valueMac":{"type":"Buffer","data":"/pwUsyxJ10BGoaF0kcz9JRJ7Hr+wDUtzYnae+6V2EEM="}},"3QP6GsLS4ChD0Zu4vhHDruq9ke3lknWvsap71NjOK9I=":{"valueMac":{"type":"Buffer","data":"tzpBXIPkBX6sOAe/gWsgiQI/MMHI7ZkwxRbEEq1XUaM="}},"gZLCULIGKJrsVYGmZImD2FcSQylTdjKUykSTRZaL/Cc=":{"valueMac":{"type":"Buffer","data":"t2IK/PE0x9YD/nLBgOnK0AXXj52pD3Dyex94OikWvvg="}},"q+RVSvsWbHnkPYpYSIt8TPImdNsO4qEff4H2LHI2gzY=":{"valueMac":{"type":"Buffer","data":"zG8hCZfxqfyVGbRaEWWoW78y5bWNpRI4+wrSrarHAfE="}},"bOtoAWUBjziPMQTsmb/AbDV1+rdOiq1LgUKHx9TlHc0=":{"valueMac":{"type":"Buffer","data":"jjVS1cBZrTgqqN8o4xfd1s9KDz3ORICFPnb0OaKdsN4="}},"E9gdS+07/FOqP6th0TFfzMh/GVYZc1v9fasrOh5fUV0=":{"valueMac":{"type":"Buffer","data":"jeifvfHTfuZJsx0fWJr5HhlKiztTu9Ri434pR0U2l4U="}},"LaRLEOgPCR4r+QOD4deh8Zw9s1akIFotRiqNG72VsnA=":{"valueMac":{"type":"Buffer","data":"mDpZ7OyFfXudTPjGICCnUaQAOXDeEpYlwW76bKlYfFU="}},"jjDijO3LDl68/wd2nErnC2gOp771Xpguy/o4g2cTjjg=":{"valueMac":{"type":"Buffer","data":"A99nuag+h2CRoZRxVenfv42UFm6HcFqj2AHPHMWdbcQ="}},"Y2755GlaD1goAkSj4qgfaiwCM0uDYYjGTwV+VskK8Us=":{"valueMac":{"type":"Buffer","data":"FGkA8/+1Sc+70puND8p7NzJYPL4y2ljuYTuHsVK3Rlw="}},"/30X0Tcu2/vqfQlyW0EbnaHJn95/EAP1xwliw+Am8lU=":{"valueMac":{"type":"Buffer","data":"noIYWkYCS1c0ETi/a6lFF80Dpgyw/VHmFZBU845K4zI="}},"o4Jpf4C+rTAgkTeA9Ad0IS5DHLX7I9+y/0clc/tz3EA=":{"valueMac":{"type":"Buffer","data":"JelEJxIrwmEoSX9mfxV4pLLMWBo2VA9Y9S6LX+UR6Rc="}},"DF1R/w4IpoUhcYnpiadSzLYsQtmJ20NEjDnS9Zz4aeI=":{"valueMac":{"type":"Buffer","data":"X/Hpc71zMGgpqpP35j5N9uwJ6gkZz/n3ZqH8BiG1wrQ="}},"QM9nL0jMRtbzeuEscFcWc2kKEqRljQpVX+auMpZqkt4=":{"valueMac":{"type":"Buffer","data":"Fc5mc+JIWjzn/pyyaLC5mGSF7Qgq2LyE5VBgKb6sO4g="}},"P3k+JicE6dMm6bH9o4d1Iy4kCOWhvLjablBuktuVrlA=":{"valueMac":{"type":"Buffer","data":"LNaUZcaiOwqNbLQGehD9ii9O309+6SXJvt5Zrv88IJE="}},"o8LIBsPf8LTe3BNOTj0UB+HqzqDSL3CR7lV+cdzBOOA=":{"valueMac":{"type":"Buffer","data":"J2ojvtyWk4IkVW8gH21DruxXlHoIhhgL9qDKT7w57zg="}},"PvdVfsZY3HR5HqHyUtsk8RPK5VVgN1055q/sZW6cuAc=":{"valueMac":{"type":"Buffer","data":"EzIbEMEudAvqoIifm6GHQy7nXDoUmToHZGN7AoS9mhU="}},"UKPzjsKKJyn/gBINIgEErt7NV29Ihajxx6VrU+9UkKE=":{"valueMac":{"type":"Buffer","data":"yebOD2tyPKsK7TM+PFUZRTRO9zGDYngrz8CtaKKoBZ8="}},"1WmfS3YI2iR+5+765Kh4ro23aXUg36Rzk7m3TZgm3Zc=":{"valueMac":{"type":"Buffer","data":"1rzEk0PUhjFG4GhERoKpxYYQupV9wpWJ7ATZFbHSgXI="}},"+3iLPVUaASH5txDO6FrvKyg1uKlm6UX2Nkx9vY90Dd0=":{"valueMac":{"type":"Buffer","data":"cWgxUd/8rRXiezLSi7dVvIGY7EV32Ndohd49lrDyS8Q="}},"ip27qgtbxzMekuQgnkfQd9Z0H+t0mooGJqCmfdqS2g8=":{"valueMac":{"type":"Buffer","data":"PaP6ukXY5Y8O4igJs1mCmIgfcq1TpkI46t8CQsGBUWw="}},"ViWxe/x/HKBDof01Yns+QXU6smyAIOYaI36rBs/k4Kc=":{"valueMac":{"type":"Buffer","data":"PbCeY9U7+UgG/FKWZ0muPzOLbBItwWoJXRg4Xo/vDUQ="}},"GkMO7x56HFY9N/98LTplgIHu74IT7FwLHGYNUiCeKsc=":{"valueMac":{"type":"Buffer","data":"LpuEvoWNLiaUzWbd4lQ7MhaUSBNshw2PMiLwh+iWWvk="}},"cmasZWEMucFiNX4DXy4EmCaXk6X0sfAvsXFrGcXFqAE=":{"valueMac":{"type":"Buffer","data":"EiHnB1ay+K3IKPmUvxwksGuRMksiKCOwr9leyuEpA5o="}},"dNHrsrPVh3OjLm7zM+cPkxAzCTIeyKwZb09SsSdZ8Mc=":{"valueMac":{"type":"Buffer","data":"jcnM5jYQmf/Dh3NKm7wVubyydcGp2yoln8yOeHOhqCQ="}},"aXE19fnq2C9slE/E05zzOPvbr3zjVbeyOH1rRSP3Ywo=":{"valueMac":{"type":"Buffer","data":"i7o5Q6ZHt7BYKO4EjltgEywBnjAZ1GrxOWwClQZN2g4="}},"ERL+InSNvJj5cErmgCmcHYM3ew+USwMIh7kPJSKQ2is=":{"valueMac":{"type":"Buffer","data":"+JmpK2OwRciV1hV3U2cTHe7OQOZSiNnrKghfGZkFeTY="}},"Ci4CqCj0jCb/C971svjggEtOXUgUchUcFwER3Huab1A=":{"valueMac":{"type":"Buffer","data":"SmbAD8d5KbaLo4EtQLTiqxDOvLaTtwydDSjG9CZtChY="}},"OZGSdmlQOQKthWJnmTIgwCXBgo1ljcyVnUWjZAUtAsA=":{"valueMac":{"type":"Buffer","data":"QYd8MkR2NZkOs6w/7on1UlG4R23p7YYyWt1fbK8/GyE="}},"9bM9XFnLFj5OJO9LFNVCMWlcqzah1FrPz/LGks/T9vI=":{"valueMac":{"type":"Buffer","data":"a99L/NTGLeHNIdPNk5Y4PEqxskITOQYxa/5hof4i5nI="}},"6f7vXrWPamRTCbl8X6VVedU6GT/h6w/SMVEb2JD5vWk=":{"valueMac":{"type":"Buffer","data":"NA+RNoeEcNcJ+adwCIxmKGg6AoYjntUsA4I5p43FjKM="}},"nEd6KiQM+uYvTVii8CRVUKSNjj7PvL0+NOYIk9CtXFo=":{"valueMac":{"type":"Buffer","data":"2bJDwNoB3z/JyVhgxyAlqdpQjMQaPSXEvqvyAtJPmts="}},"gxIJscQyMTvyuYOJJP8VeNbbe1CsmjdVfdskgdm37S4=":{"valueMac":{"type":"Buffer","data":"GeaRJodgDsuJlewbMVdn0FZ3WIHaYPq6Q7eKm1hzKcw="}},"jejn3vG6+zodJJ2cmoC4WHjqeeGal4FWDCNgk6koCNE=":{"valueMac":{"type":"Buffer","data":"b2knvPiBX70Fprqyklg/gb5KuvfIFnrRICi/wTj7wVU="}},"/P6+ZI8n67BZwXmdnNIhXYl5vcnhp+3XRLy3Z/muBmo=":{"valueMac":{"type":"Buffer","data":"xf5Ij3Su/7rTPD+tO6NLao3ZUGs69iXZybTGKnnIOPo="}},"Zn62S9pbLcf1DfWF2dush5J1txfQzPjgeRDyhNip3zU=":{"valueMac":{"type":"Buffer","data":"bzBDgTwEYOtIOKFSIFyUZeOS6LaMznfBLY9Qt8BLfKo="}},"A39Ls1Bo8sO4dQwL87C3kFSDaNB9uPQFrQ4GOrbEc3g=":{"valueMac":{"type":"Buffer","data":"SxS8nlx7HK6aykYhmPno7TxG9KCjbbKetg1uUt5byp4="}},"Q1apjcij6FkH2KPhJeODdNAh4TdtyoMdtAirr+a+GXk=":{"valueMac":{"type":"Buffer","data":"LnZvij9xoWqVdCC6e8K5q8A9rFAZfx/NWqQeNYyQYFM="}},"h9ltExobqldTvwMYmq1jHvgcHFcsnpU7xRQw58XVtIw=":{"valueMac":{"type":"Buffer","data":"ixAYqWmtG+fvvPZPBh05j2ioBvtwcwXRckOPQfhRTxw="}},"2PD4rjsne7qrEpQPt3KwMWY+TCadKBTstmO/PLPfhRk=":{"valueMac":{"type":"Buffer","data":"ZKCz6Au9NqtePXFyuMKZwdRaXhgYRjLuUtEwTuhY3v0="}},"ghDGpN6mfwEAP/6/XpuIbEV1QqK//NyKWrzCMrWHnHI=":{"valueMac":{"type":"Buffer","data":"Wk4MHpx97D9XAwf/H3DrAJ1TNI/F6BJYO3rHiPdFBUA="}},"3rSAi3jiVnSDbsv/EmAEjcxNhHzo+2HJxMV8WiB4G8M=":{"valueMac":{"type":"Buffer","data":"SDn488kKePpvaLK0u+4mqTMeCnXSkfFPJbynsZN3g/8="}},"MFVpn03NLpOY3DCPJe7vLZapf4qYO6F3ySxOcw3rmHM=":{"valueMac":{"type":"Buffer","data":"o8PsRhbvAtRWX3s8dRPiXwZMBMo5JiJhVmcXGk56LFo="}},"T58t+UcIuy+XLiKDOKPtQPzY2a9QzYumSUOx+5zZHtw=":{"valueMac":{"type":"Buffer","data":"nS+SDiSDAOqd0ijgB1swz3RSHMjEyy+0VDp3SYN9x38="}},"QSAe5XlqMDMBGveqH8gcBqet/7qh/JaPrHabsH9MOfg=":{"valueMac":{"type":"Buffer","data":"ccEmjGQwNk6ZZDYjFLu4UwmgMRVuPLn+WRPC7PRtfVg="}},"bM3UL8UukpB+7lQ3FNyx9Cu0B+OotWKVqsF+TSO+teo=":{"valueMac":{"type":"Buffer","data":"wnggVT0LWxm0zy98c6TgiCrPbciERYrB88XHCf6zA9Q="}},"+HlQLbLckKC2jAsj4T9/4Qg9Ie+R0oOm0Y3kiOk31tc=":{"valueMac":{"type":"Buffer","data":"hBZYB5Q6+AWw44MOlyzV6KRQD+YijA5DORBbU4Q9Ics="}},"jaHXswBkj7ZdWCLJ/N0/8KcdyPdqJbNCDjIhac63ENo=":{"valueMac":{"type":"Buffer","data":"Q2AajgpcbalOlRz3AxZErN/xf+4EkuGC8Cfr4vgiX84="}},"nk0Ezzw3TA4Vtbu/rSJXq1Q99wbBBRKg9UJHtuA+65c=":{"valueMac":{"type":"Buffer","data":"tkPV7+C7BG7S/WoL4HIPp7i5pYl5btGSItHWJMJ8ruQ="}},"7yVwis5ofp99vc9kKjB36wBRQ3HNt+uE+N+o6NGaVR8=":{"valueMac":{"type":"Buffer","data":"5ughsDlImYZvGYtK1388uqTMRTwSOb412Nn89lGN6zg="}},"6Q/DlhtOMbTSTBOEkIYBvkNJUI7LcSy7GHIOQZkNLGE=":{"valueMac":{"type":"Buffer","data":"mouwZOV+Lr5RBGT9EBbg8kKSaDFcK6wcm6FXPJbfJxk="}},"kIWZ23yEGNr/qdero/MqKi6kaIQXLFl3Ur9GKs1hN0k=":{"valueMac":{"type":"Buffer","data":"H3GQNcimKKEsMy+AWibrqjEUeNGrS0gyse1wOCYtAXk="}},"rz5e1DUCUMPZ10TLO+xk9uRGBFqd8tZKD3aRetFj9UI=":{"valueMac":{"type":"Buffer","data":"HVezztuZm5bbnu2a7JirL+jPMBanMoydfNUM/Qg2ov8="}},"k2+xjSwgxhFf25EAnyBQIKDzLJ2wr8/GdZs3Ip2wWNE=":{"valueMac":{"type":"Buffer","data":"Vr+cIHUgxOKr0IsfB/xI4Z7NzH7OfBz3w14I+J9rDpY="}},"qbvSlC149NcwyIKF7kJJzMCckQZ5VxVIFpkfTIG4UPs=":{"valueMac":{"type":"Buffer","data":"P2J/XBtHdgIoOAS19lhAvnaSofvFB4iqNitZ5v4NMp8="}},"TVO+8iR+zc5DbmsaJxfRHaUkJvEqBzuf2rHOx42CbPc=":{"valueMac":{"type":"Buffer","data":"flV17rmE3cAYcDINqCCiPp1H9TOHzikYqYlfTIEz5m4="}},"TSP8i66yBY5KCHq95nt086EYLuJKnfpqeRU484TUhE4=":{"valueMac":{"type":"Buffer","data":"EZDq28DdoD49pxS7MsFSkXj+X3cLTXlNVaaW7W9iXM0="}},"U+o/kMcTG12ZAdMaLwSM4eeh4EoLmXgQCmo/khzdWjA=":{"valueMac":{"type":"Buffer","data":"1taJk60GghyKgPKD/GhmG8QELPPK9SwLBCHoVGJqGSY="}},"0qUMLK3MPJmYUDJ/i2kZ6kUMTYMpqAkQboq51qgDxzQ=":{"valueMac":{"type":"Buffer","data":"XdMpJjQjDiVdRg46UZisCPxOVztdpoOA2llfPopv+PI="}},"1NBZoEJi748YHh9GosxFqXarbN2iT7Ld2aKSamoAze0=":{"valueMac":{"type":"Buffer","data":"NiLnWSch1m31QeJfKrAfvxBvbiNf70WLnsXJH1PMBms="}},"edDY4cPObCqFjxniWvyrdMCxZRqW1MGnpg1ycNPECPM=":{"valueMac":{"type":"Buffer","data":"fDkG85n8uz+X/cF0LQFY+EEeNXhNEa1HiSxbxK5j6mE="}},"gM6eJ0LzJ9h/GIdOwlKzfIjklVi/Ukcgv4GEWRLX9KY=":{"valueMac":{"type":"Buffer","data":"RPDq8/GtO+EKtsVo4enod7vXlTbxJCVgR7Rpf16J3b4="}},"CgmLfFIbVL4psID4SSTxaXLgYh1oQv6wKGAHtauV4hI=":{"valueMac":{"type":"Buffer","data":"daRgo2DabI02TeySK/WmjTyGTmuki2pw963uKzvyfzM="}},"FL5nmlrx0ZR7SEBWs+y46db01Vhug39CPg2X9Exo0po=":{"valueMac":{"type":"Buffer","data":"bYH1eMgcPgD94bSQoqFmx0rfqH7OcoB810MstdfD5z0="}},"Qy9fjURH1MR0Y/g2dcFPeTYh4yxlhGbitn8V8RnUgWY=":{"valueMac":{"type":"Buffer","data":"t+B7sDomqCAVoRsQwyz1V7Z5uBfh5gq6IygMPHeVVlI="}},"8iw0CGHK2kFCMrTrqf357DUGsMBadFUBoYltzjeAxNc=":{"valueMac":{"type":"Buffer","data":"I/P3qoei/+O/ULL6gS9l21C4VVH1ONysVnmjIp4U0M4="}},"2Ig9yJJWS9xQ/re5B8wNmjbcvoLOp6wioI5YRgU45pM=":{"valueMac":{"type":"Buffer","data":"A1Xo0w8evStdMfa06y06F+MTfGrKcQZy9GcJk73VAYI="}},"xGga/pzKx8gSfWf989BnQhMKW1KJS+8TK8PoNvfTYvo=":{"valueMac":{"type":"Buffer","data":"57Y66cnE+mtH7+wxZ5kViwJszjxtC2zmm9P7cGz/20Y="}},"hYr1+mKpxtRx5L5lccRgbzvHCXO6YecL6gcobODtG80=":{"valueMac":{"type":"Buffer","data":"1gW6uYrsx5oEGs37eMr58u1bY/vRSXgteGPpSMf569g="}},"sr8fCM5Ij29FeY/AigzPT/wtQu6aF1EDdKb74jzJmmg=":{"valueMac":{"type":"Buffer","data":"6lwGZu5KRF7MDTiLMlm4JIq8rdFTApgfSw8e0TY9gI4="}},"qw1V3RIEtzkS5/to41Vk3CPQJDsITn6HLEBKHHy//20=":{"valueMac":{"type":"Buffer","data":"A0j8/KHXIRsH8/bKXYpbOhHItOf7SnwKtfNkVBp+Vy0="}},"e77ziy3flOxYYpwU7AlsCjG6pSXcfb1JpNfJ1iJZVGU=":{"valueMac":{"type":"Buffer","data":"RrX6STc8sFK7kzdwkGds+pqSdisD/0Vbz1/drnc37fY="}},"YDTE/Q+uzBty0Z9NSM0DZeK4yLl6nhM+eroRpfWQwLQ=":{"valueMac":{"type":"Buffer","data":"isYpwuhJUVIUJFuUSmfNv75r4SPAOzJ4SFKEYJ8w9Z4="}},"OlUAygjnEnRWOcGBTzu89PXKr7zvDZ4kTnb7jeJ3+NI=":{"valueMac":{"type":"Buffer","data":"/VUqrirW70Yp1THZDj0tLZyZTxWl2aeuRWCuGq7Y51Y="}},"1XDEGI2DG0CBZc2Ap9zJAHjCMfn2eZPeQPy1ZFeA4dQ=":{"valueMac":{"type":"Buffer","data":"FWK5dGOP1n6t1NHLa0iaLzRVQcfc2UK802gzY0zSEiQ="}},"iwAZaZU+/P4dOTYM6U2PBevaGFsbACyUWT6JPU1s4S0=":{"valueMac":{"type":"Buffer","data":"HK6Lt6O1WkDExM9L4q6/movyjV57azIy0tskeX2Vbg8="}},"e22dVAgQgrUHRbXzl4bWsOI+rQAMWAMuvheO0zujss0=":{"valueMac":{"type":"Buffer","data":"qDBi2idKstXa6PEHryAXS0OqnIwbLbIwusRJoyceJbc="}},"4hh2P21ITTfJLEJklf0wTRA3ifFiJO5mZBs+pZhlyDM=":{"valueMac":{"type":"Buffer","data":"0tRyLkdS6uPvdiqaL3L8azjzIsocvCXIBTYJPtywyoQ="}},"hUdkVvGhSMIk9f/J2NqN42e/7+2bEXUmgdDebiFIqf0=":{"valueMac":{"type":"Buffer","data":"xsGHTa0GaDIfz1vsC8C5AZsfGePZhZCP46TJ+OW0CBY="}},"NNna/jlzdLWU4vN5lhQtSpHGq/TGGiVgNuCZkBoa378=":{"valueMac":{"type":"Buffer","data":"+BiMXiBPIOTSCB1aC4ID69eyje7sKHVdFk+b2NC18Tk="}},"T5cRw8XYgpjn8WaKQIX/G6O0PwfaSeZBgsawqfGQYbI=":{"valueMac":{"type":"Buffer","data":"2zsOL11lCNvkYypGPs//k11N4H9IS+2VbOcAznVCqbE="}},"PifdJsxEMhSucekEBU1KFfpSrstBrpjcNG/dupg6Rj0=":{"valueMac":{"type":"Buffer","data":"JQ7LgT8SpKdn6rxNEWHQ8khtn0KMXMNkKo61aFVxlPA="}},"omfbQWs96ib+ySb3rEMCRoo3il/4Rdge0pSrUBYTyy4=":{"valueMac":{"type":"Buffer","data":"lEM7qAHI5jUbKPT06tzdzGzymPPiOTA2nxwLM2I5AN4="}},"C2KTeyezvbBrekAKUtx1LOeFbQHpVcQdfRZjt99/kgA=":{"valueMac":{"type":"Buffer","data":"CL7FUR1UED98qHqePqPEb+fERVhdi/Qf7hn/LTyoXj8="}},"9homf+t9XCs3gpctC6VbWM9dnb0d6Rz7nsy8PqIFKNM=":{"valueMac":{"type":"Buffer","data":"LFqH+OrKZKYslIAiZ23/HvNkzoZX4f1OnuHb5CUHHIw="}},"Y39WA2IPa/z1tTS/bqsX56QRM9LLHSEo8e1rweD9gZw=":{"valueMac":{"type":"Buffer","data":"JLW+sJHOwnC+FyBuiJlpVSAaXz6PqvDnp1bS12JJFZU="}},"zQAqXNT7Pn4/SoX85kchTeLyFobS0fR8udj5CSmSDOE=":{"valueMac":{"type":"Buffer","data":"bISlzMBtGTBpjdu2AlGqvLfUKUIaqjvDKuzz+4JigzM="}},"yMmgzgm5P8b+8tlIJXDDCXirB3Js6LEOuE26C04wQKM=":{"valueMac":{"type":"Buffer","data":"vAveQA3UZ/fgkniybmRMAN7T1h82vvZi90Idyul/bX0="}},"myrpb75fmKJMnWSFZyMgjSykfu8XUdE+ZU3lizD4IxU=":{"valueMac":{"type":"Buffer","data":"MkVoz8+HhMqmPDjaP6Om0EmFd/+QVbZ4miwMC2IRzZM="}},"pi6LiEP19xOgIkBBS41xSqdoeKjWEum9dNr1e1Tj7u0=":{"valueMac":{"type":"Buffer","data":"rsar7IdBIu+Hp1LVBUAcS20luEE4uAFUF+5gocxOXT0="}},"n7UyueOtuKb6Bqb8EvSXLsF09PxPgSSAnnFBQvGv3zE=":{"valueMac":{"type":"Buffer","data":"dkOdIUEbf/GGJgGA3N0T8o8uOkcPDaJBd4yoiKOyNu0="}},"oaMsqArS5/4wMpIw3Pcv1QLF38HXWo0ieN5CimA9Osk=":{"valueMac":{"type":"Buffer","data":"XP3IsZo4U1v59yoAxD8JwPz+vnKpgjlv6TefSyqx3ns="}},"DjbpTHfjFGhMPIY5+wzpzZlxWCm7YXV94sksMgtt+ao=":{"valueMac":{"type":"Buffer","data":"bPNs/m2AISXoq5PZVMVwIGFPard4d7dT61ZfqAmrhYw="}},"qKJz3f56Z4atLKjuVnle01V00ZH62w50YYxq/83Dazc=":{"valueMac":{"type":"Buffer","data":"b1YYKCwxizgFZihnjG2yFCCJYOrTCRsdZNUPINFu8wU="}},"bu+B/rSwgkhZUNTz4o04RjwSXD9MagiUVjDYfBmSLv8=":{"valueMac":{"type":"Buffer","data":"PrC6XyMAIYLO8jNv2ShLe6fvKc9FcA2QqsutiZT1Ejk="}},"XPIRyOVn6eyh4G8kcQQPifr0tgu6tg9B+y12Xbq19QM=":{"valueMac":{"type":"Buffer","data":"4iiDWfHhrHF6gsmV45DUxoagg+QxWgcUSy5acRJ/+9Q="}},"KVOU9uLA8998Wx6209ZNrE6fPrSoJJ/98nr8L9qv3sg=":{"valueMac":{"type":"Buffer","data":"b7Szqy3S2Yi5R/0zrPG3YpS7LHr481QR6DfyYmtWt/U="}},"G5If+GtuQApQR78vlhASp+S9413GS01GVtd52VeSYH0=":{"valueMac":{"type":"Buffer","data":"Qj5TRJ+QpZ+MoS4+CHNO1GDEJSVCQbJidsoxG7yZOj8="}},"ghlp5woCeql0vldVS9TnRgdSCvmIUrMI84UrYPcfnhA=":{"valueMac":{"type":"Buffer","data":"Xe5N7wTNDWjsP7cii8T8FdQtEApkl2mOzz+kVUKiFNw="}},"O+ZHH9/nue5En6RdmEDuzR6MycntT7fXDkRT2XKqPSY=":{"valueMac":{"type":"Buffer","data":"TMoMKyGzrQXZp2pOJzB+OYQns6uIX9mfvz7MWzOljPI="}},"cr9yx4oSppWaUQibreQQ0W8zyPTGt46gAHplvbZwML4=":{"valueMac":{"type":"Buffer","data":"02YDtsg8VX03UOu0LY/mwi/ePiFyADyn8yLRC8AAKaE="}},"IrTVA4GR0gu+MYOHn8OhrejCsd9l4VcxCKGO4eiXhUA=":{"valueMac":{"type":"Buffer","data":"rgUTO+YGlYePdJm0RkWca9QsBoxV3ZwJIjq7Ilfq4Qg="}},"W29Go0O+s3JdxSkK77WHvn+8BJlU98+bDCiFGHzqgpg=":{"valueMac":{"type":"Buffer","data":"KUAbN4CgSeoQLKlXM1hNx4LE4NUg79JYqExPZZdUIh0="}},"yXLa2RXI5ET5Ybl4Mg72U0wFtFywBg+9RdOI468uAZ4=":{"valueMac":{"type":"Buffer","data":"uCr2faq5yybzwGuu6tnlz0GJ0gVJ2EOlaBX/M4zLoIQ="}},"a3hX1rpJkRLQu581Mceh+uF7cA3O/QKEutxeV+kufJU=":{"valueMac":{"type":"Buffer","data":"VjJ4nNiWeiLic/GQ0WBoQNIGhVSEzStm30+lujykRkw="}},"PNSKQcekXYzYFch4CaWAOP2zZdBhOWnEFpa+rizXxRQ=":{"valueMac":{"type":"Buffer","data":"3OBnZaNNUXP6WmLNhdMqvRAzPNv/WhUsSE9ZGY3idHg="}},"WXmtnrPREtAhPDhkrliC7gJEJr5amIS34Kzfo8I8s+o=":{"valueMac":{"type":"Buffer","data":"uNg1oXTq+wg7xWARM1t2btQVcKeO/Me97KXpfsQ427E="}},"fD4unBQPX6BaNObY2gyHZav2Ena0uKfRR8iqVomRRXk=":{"valueMac":{"type":"Buffer","data":"ntXGDaP39IKWTQzmHqAD6m78rMKjZEEXL3ggWRlT06k="}},"RC+JVZvH8yM18ZH7wim8tSZYjtnH7PgD01lkEdg4xSg=":{"valueMac":{"type":"Buffer","data":"J+ASbGyYC9h7xEpPPqNcEmxfQizIcFAkijsj5qeAjGg="}},"MOOLAPARP2kWmY9uWOhtfvjXTrEmcVQ9W3NYKoq0RIE=":{"valueMac":{"type":"Buffer","data":"R6eM6yroicoIS9DQDFS1O5NHmAY2R77Fw4hTlGZ/s5Q="}},"F4kw/H7PMaXTlE99Fxryit4X569jq+s8eAvDLVjeWo0=":{"valueMac":{"type":"Buffer","data":"hTwFCqTAJJumeVXGBMfHzbrrgFBkrO8GGRS8mUJ8NA8="}},"9vFqcvn3z9atcNp/Cy+5+HVGdTsMuzUlDzEYkpBJNG0=":{"valueMac":{"type":"Buffer","data":"mTId97jRoayzm1OVjmjp27ux4EYjkYzLGThSaIq50jQ="}},"JNMO8jW8TgG0WfGEMciUfHfoavf1bBf2DrVToBWC+/0=":{"valueMac":{"type":"Buffer","data":"WR7qbSFGP1LaGQUXi/mlzljc66zjbSeD/boBILoPaAc="}},"djE3bjetF6wqVkLGw8YhbztdQeaEWSptbnfrPqFxJjE=":{"valueMac":{"type":"Buffer","data":"OrfCePgFUNtE2KoHZiMou2NltGtdG3cwMqpf14K/jGU="}},"rhjMXkifuN/wl6FfnvJW536e8QoWg1vKklYO6t69Nv0=":{"valueMac":{"type":"Buffer","data":"LvenvNXd+EjvIjBSwxhur6r0hRjw85OPxPUEp6gm8c4="}},"sGSgFpHl6MEQyCSQGWk2p/501LNlhFZDxZsKVtbfgzI=":{"valueMac":{"type":"Buffer","data":"Sjx/ojhgXEhMLIFCp3c8NdV6tzEwkdXqmwwmuqaTin0="}},"YNqlVevRRGdl4Mi9Avl4EP1YqeZJyLfmODWDqiwJD10=":{"valueMac":{"type":"Buffer","data":"ZhPQLh/ZWgiOK/c7PByzH4y397xA48QpzqNPbp8tugk="}},"ZfMwvxH611eeQvBmi4lV8dX5Z/Gkn5FxymUeZRP5wEk=":{"valueMac":{"type":"Buffer","data":"NMlZ8vQl6X6rW5reG2caWo4Z9dGivHkrfxwEA7PiUMw="}},"kGUojbV7ZBO4stkRBfaVCqIOnMd7yYOfQutN99uSvsU=":{"valueMac":{"type":"Buffer","data":"x6FGYdnObalDjYjCFuZ/nNqli42dGjTBClY5GnG1ENc="}},"J/GhjrooqDaq9G0jpaPvYPhoN2LQc/D0IxRDORJ46VE=":{"valueMac":{"type":"Buffer","data":"tOmlMyazwEwk1fY6+u2oEreaCDp58veY32B8UpSADGg="}},"bJ1EVZDN1eXRr/qNg/5uHUduNrPpZf6lLcU5SADPY8U=":{"valueMac":{"type":"Buffer","data":"Koj4HZ7GERs/bo2ctem8j/t4P7Sm4d+nyLqb4R3C/MI="}},"lTFTwxmpkcflbOxqMO2J5W4N8Tq0EqrXCbBdTfIwImM=":{"valueMac":{"type":"Buffer","data":"Zmd+68NtduG1GxByuXA68TqGythgxtsgzAAUUxRKk3I="}},"IVJ/CogBjfQQcBgyKECsdhX0Vf8Lmzuyjy074ujzKOU=":{"valueMac":{"type":"Buffer","data":"1QgwtUVzpDkeFIh1ymY8zjRapB71n3u/B3j9xsHFET8="}},"6Q4HlX6Ukad3XqTJ3l58jPzt6hGmNZnX2pFsTD4urAc=":{"valueMac":{"type":"Buffer","data":"CSAVsulv64/zGJ17nXcdCoWqq+5I7yhnUdHB8yinTC0="}},"mBBHK3NJH+OzyRnX5S80JPHdHfDEIrf5K9BsTbx/U14=":{"valueMac":{"type":"Buffer","data":"r6sMpwFeX8EM58J7MzNpkuGcqLdsXIM7HahnPBPX/Kc="}},"b8eB5YOHcnCgs1AUsyYLkAM/HZXz70PwMyvqkIsmCp8=":{"valueMac":{"type":"Buffer","data":"AWE334y5y6xfBf7fzLqFk/oo3TkMuFheukpOk0AV/nM="}},"C//+XdlTZkmhqVv1rpe5yxw+CdVA2ugEstlMSnVKty4=":{"valueMac":{"type":"Buffer","data":"ShbbYOo0AH5cX2VAJjJXFHsqAS+Jg+rOQ8yLMP93y2A="}},"szVxYmn2hNXANQxho6nS9kCbZPQRJal/LMM6UE5TUMM=":{"valueMac":{"type":"Buffer","data":"V6OP8Sj/1+fPcl/tsk+nNGList/oFa6DCf3TmHTSgHw="}},"qlS1qNz1UI3qoA/iZvdTYCbrF47Himkdb6MQPTfTMnQ=":{"valueMac":{"type":"Buffer","data":"x5/Stnx0BoBm0GbEAP+HD/PX55QOEhbc2dKca63nR6M="}},"6jOSvcM0gfw39KXwJPrS/Gt6KMeWlEum0n2NPWGuRd4=":{"valueMac":{"type":"Buffer","data":"TwDBGrJgmEySqP3/4M5gBKwhaKT/oknIfjIEz6llTgo="}},"1GgfMDfqhXlB/3Zcidys0pk1nUWnlnnz3xZQxM39EWE=":{"valueMac":{"type":"Buffer","data":"RyDC4/0l8okvMx8cObiY8h2vnqPVPQkLAfR999AqDPw="}},"EckgKF4Wsw7pYcObIcOSYdz18l9YhqvEjiNGuL3IlUU=":{"valueMac":{"type":"Buffer","data":"gaVkILZJLdfD3wYhA1RXwff/XkXTnxffYxfmPAA37sI="}},"WLBLjjlC3TkE8FomgiqUvV6AOHVhMtcleoUQ8yv2RTI=":{"valueMac":{"type":"Buffer","data":"GAIPWd0lA16anC9BzRBu28JrEWYaywoTltvoepDPcXY="}},"v0g3dItTY2REWUsrudqyQ4WD+ZBJr9ZXgOqBU504Pl8=":{"valueMac":{"type":"Buffer","data":"OG0VGjoCRJezdKYo9w8JypgDAVYYCLeNeMPh5vAfYzg="}},"4dgsRAbQshN9ijfTPGj060GmvOqUtFHk3YuMjAVwHGA=":{"valueMac":{"type":"Buffer","data":"G08EOkuN8ZpfEjQ80K3diaLZYzQ18hA1d9VmrYs2UQ0="}},"TJBEgFMb6qFppx306EWZ7UOQ9idWxEw1YeTus8Ya864=":{"valueMac":{"type":"Buffer","data":"ZSqtA4+x9LrrGkoUekV0FIW8raP+KIoU31ZhuNOWkL0="}},"Wvwak1TIt2/FzCkCk3qqypVjwAJzwpzndX3zUccPxuQ=":{"valueMac":{"type":"Buffer","data":"E1oZoi0hcgHb6vOvsNIXPk2vpZ7hWoRBeYtSDcwfp0g="}},"ZFE3iz1XRdW7JcSLxXky1dctZMdxeO9c4Wz8ZWHKF2M=":{"valueMac":{"type":"Buffer","data":"3qwN1gByAVxUha6G53pkT326AJUV2ccnPW5h4MUXJj4="}},"vCG0o9XE0ULx4vLNyMb0e4+pExHKwvwqwYzO5k+a+Sk=":{"valueMac":{"type":"Buffer","data":"EaNMup0gD6K2PAlRHem1VJTkuqBPROOJEnL8R9SpsLU="}},"L/1cd5IWJq97aCjTmcNvp8JoyqvZbAvgX7oRDQaIoPo=":{"valueMac":{"type":"Buffer","data":"QTqCbBg8dussAXN0Tt7GkiLkKvI0RQyuZegcVdj0zyw="}},"h3sLnStGplIVna2dxSPDGlKSBFR9QwIq+AHt5rFSzxc=":{"valueMac":{"type":"Buffer","data":"C1Pq69NhQhClXFeTibPplOGFG/6NVSj4Mmde+rbpE2M="}},"73JLvLaq4e3YxZCUchYyKsvb6y7c0J+mmCq1g0L22tY=":{"valueMac":{"type":"Buffer","data":"fQbf9q8Isp2FprHHEnm/rDTQPvoyzZg9RMzlIihFumw="}},"cl0w52fiTU5E4vv+X2B7+5sGxtuiFk+4tSXjtTduQRg=":{"valueMac":{"type":"Buffer","data":"3cDBKBsRoeErCv9FOFcqyfDL1Lo52DhGdjee3YLy/n0="}},"xWGECn7JmuRwORGiB0nhilvGetGIR5y/FZucwdUmTEQ=":{"valueMac":{"type":"Buffer","data":"ovAqBLUeadsltjL7HX1tBEN8TtT8iifaqFyhg8T+xmM="}},"YhtV/XB64oVk+3xEiR48GBfMlkzAd4ZbBQsT7eiIH7U=":{"valueMac":{"type":"Buffer","data":"vHpPGjfm2X+Gslqv7DDe4quDZwqeGUhcGQD2G0+Bx70="}},"3wgaQQcuoozBa0YrkRly4NtVThftJSsPs9aBHHu9kkc=":{"valueMac":{"type":"Buffer","data":"OOzUphhJ/rViznrZEAwMItBwtbsFNPlDOawvfgzjDQA="}},"GhahM9c0Y6UxAmyKYHovQrB1licfMvXFU+cd8sp2mdo=":{"valueMac":{"type":"Buffer","data":"UREQHQlqaJ33nPADGgh16WrmVNyzP/1ay6xsiBPcV8Y="}},"iBCXbx8ceKEUBYh0BTUNOKlGyZ9CvQ5yaKORsO41AMM=":{"valueMac":{"type":"Buffer","data":"aWx46whWr4ybLYU0W3cXr2aHVLF3e5tg5rGmZNGa5H4="}},"n6WTI20Eu5pJLfZCj9hQ7DS6vkAcWMQFBY7Gt76NWaQ=":{"valueMac":{"type":"Buffer","data":"etxKc7lq69s2PbbLMw0BcapkC+7lzLQRxfS0xD3dodk="}},"lqcLTDRVGvWdunLuHHi4tzFFRgEJnGt1JwA7MB0um6A=":{"valueMac":{"type":"Buffer","data":"6sOudkD8s/L6IJt94o5GFq9mpkng9n55OONLf8bXdOs="}},"mLt6ZhRJWtAAMzJTFZ5xdt0aFkSCprhB5zFZdTAw6AE=":{"valueMac":{"type":"Buffer","data":"pYsQh0oennHSEagNJrMc/JUY7WseUpTIYOBMyMjeums="}},"wmgNk4wHyodT8vt5xuqQ7i90NrL51vm/FUlTHOQCdK8=":{"valueMac":{"type":"Buffer","data":"G8CXNR4a4yhAJ3TCjylxkhUkkOzUHj0pWlTbxw6G7RA="}},"Xt0GFdp9sQ31xx9BUpL+giS47hjjJn9BgsPIlmM3Bcg=":{"valueMac":{"type":"Buffer","data":"/bBrQbhsKXYRVyPoWCnOORHCTlRvZL7vn0vGLwwvMfo="}},"TEJ4rc4MehA1GArSIQkaD9VWKP/uUxKQbEu3+IgAZTo=":{"valueMac":{"type":"Buffer","data":"YRY/pZg6LsnHC4sJ2wKCVvbQ4RUgXqc64jlMSCF6JtY="}},"ZUZXpAgWo7kuopWmqf5ofBpyClOG0/HcIsQ1sLEIrPE=":{"valueMac":{"type":"Buffer","data":"cBobqyJNukyoEwkEDThq/XU3duMgRsG/4uGSthtFIdI="}},"1SYJNWhI+OO6h3tNBPTPeWl9FXIbLqmGPrHk3Tm+Jw4=":{"valueMac":{"type":"Buffer","data":"bzdjK/p2f8W2i2CETXsSXruv2SR5lj0lzdiMESzJn5I="}},"Fts0LgfVrj8/vzvV+E61PAOkZMIkCO/NnGE+55o9aMo=":{"valueMac":{"type":"Buffer","data":"rWkZ43YIK1w53OorvApL1y5VPBl24sJMHfKvQFwOWAY="}},"GH+3UdQU/3SE2MOmZ1hFoOuwj7OWswYL4fgYkCv52/c=":{"valueMac":{"type":"Buffer","data":"6go0AtkvDTcPxY02S5Baunpo+gIS1soefh4LLM6ctjs="}},"1PvFw+duEcgJBCziQDndVlLHRrzDcyQUTgTmiNT8joA=":{"valueMac":{"type":"Buffer","data":"txT3N85jiEHSfWhH4kw3GBA1lXtJG/E+OIXCJELlHF8="}},"3VI/Big6zw6LRRyxoKyNHOn4taSfMVCAYwx0Mo7Zk40=":{"valueMac":{"type":"Buffer","data":"rvN9eGDgtYuiTyDoPvW60BjwAZEt1UKXcIzzeYBjFDc="}},"uUXDq91CXvdUPLlaCiqu7x7N6ut0Pwl7wlKxy9n4FQQ=":{"valueMac":{"type":"Buffer","data":"EWGVbQU7op8G0uZOzZdnz59evdNpUOzd485swjjDSgk="}},"1d84eU+tlniR+86oA565VWXCedM6fll16RQIaXKIIsM=":{"valueMac":{"type":"Buffer","data":"Wcwi9WYBD8upcf+GlFBX1tvn/dWITjKsl4rYuV1WMTY="}},"LBcjRmDalfrzGODgODb8U13gqE9dhepjS8ljiwLyBwQ=":{"valueMac":{"type":"Buffer","data":"C5nPR8q/UBDvW1PJjM9hoWTGkiiTXKQH17Tozp/J1hw="}},"JT3LlqZg8SUndDja5HskS7okSs0OqM0SvPQ/MVzbJEk=":{"valueMac":{"type":"Buffer","data":"r/8OgLT26zZWxz0R+TntVPMShY08uEWsOYy1UtbyDQk="}},"0HNas1OPUWZUbMVEUmCbjYJZ31dNH4bCidYT+L0Gh8E=":{"valueMac":{"type":"Buffer","data":"EZmmRDlBOlbPWLUCs8ZCgXIHMiP9930YfmhiOWJzLks="}},"x2PuTJuuS35vzUABZMvawHurodkNcSnzXZFYAvwYAFY=":{"valueMac":{"type":"Buffer","data":"F+/vqS7kNp/7gwGtruCUPkS6mfD9eNXSXEjtDvp1zwQ="}},"InqYA1RxopqyVTHSEr0hEP0P4myR9kAIyIwm+9pA1dg=":{"valueMac":{"type":"Buffer","data":"QFg3zCLjzTQzhiDXp+P0MQpqzX846LQOGXaHVDSqwSg="}},"bQkfwgFS8xkPTV/gXeziQRjgLj+rzqB+L3jiBQKkYzw=":{"valueMac":{"type":"Buffer","data":"lpnOjkTREEQPFPQsXLIgC15eNQ6V3+KLFBpcSXoxdns="}},"EWA/kRbMxp0vd9MIjhhwV0gi29xxQvMULHWHTv2HLoU=":{"valueMac":{"type":"Buffer","data":"nKBmxa3dU6nqsEGFGuH/pNuR5X9yr4f/6KDaUZiHqNw="}},"txrwiwW+VgMqajBog1AS3XVlcxHMzOlx5HPssUQeok8=":{"valueMac":{"type":"Buffer","data":"vjkg+obkvQE8keBXHbSfsP+Lr4esnMmM24FU4Z0F8H0="}},"jg/YZXW/YbvT7a/rKKX0kDbj+fEympzPILG6Mkt6DrY=":{"valueMac":{"type":"Buffer","data":"Fl1SAk35KsaS+SCT/AWsClHTb29nOqbh+uM6qbr3XT4="}},"ojF8Q/ANOj/O7q5nzNBDqC42tpR68YdzV47JY2E8wEo=":{"valueMac":{"type":"Buffer","data":"o2AgbvMeMv3fB0UTg3DugO7Q/szxLBk0vcCMosSb6p0="}},"DEg46vr47G9Loz2NG6sXjkwncPZGjIXf8Mb0oZBU8Lc=":{"valueMac":{"type":"Buffer","data":"s+jkY3lqfGevQqTn8RGs5eZAIforeMEN5xMIyD096/Y="}},"P4sJgQmIZGmSB2GacyHDAUd6GinhwNhWXy/CRouHFR4=":{"valueMac":{"type":"Buffer","data":"2MPCdfQoy/RHJfTNsHRtLBV9Rtzp+IJfuVGvfUf912U="}},"J0pIfz1to+wdCgkd9h5+EMVC4IfT8mITtowzVOEmc6g=":{"valueMac":{"type":"Buffer","data":"vNkiZrqnbwhG+Ln+mysXlO5aCkRLmTw+dN3lgH8SyUQ="}},"jVcX/AYjx5Aihepn+oJpJstQX9q9WiL8ODhVQSa/YaY=":{"valueMac":{"type":"Buffer","data":"qqgNBHVgQv0nu2PYTDoMWCQyHRkEG7xt6CiN5Dumo+M="}},"b0QSYPUqkyDogadgC1QaePPnCaaZ9eH/Kw25nm7D8sw=":{"valueMac":{"type":"Buffer","data":"+11ewOJ15xB7uBu5lWRCN4xFGQyJepEPJukqINvLdg4="}},"gyf72QiX0wmoS4tcHjcMuV0vQK/PwaL63cfPRNaRmsE=":{"valueMac":{"type":"Buffer","data":"ZA7X1W38B92IGNMRwTTocNo/Kd67RUKfcckX96z/JdA="}},"JnUTTOXTkGNh/xXaNrZJSqzkR9ELWhyWkB9O7gkfSiE=":{"valueMac":{"type":"Buffer","data":"IcPmog5fQrBJD/40akDqt8KSwNpSgt1d+xYVdKnnf3s="}},"nLm5rsd4A3OUMSmvErQWagYgNjduI+4f5lDIA1OXewU=":{"valueMac":{"type":"Buffer","data":"RI18UtV96+cpaoMe4ighVJThBSp6R3oD8n+92LiUUaQ="}},"WKgntfYJc4T1wmiuIA1WeK0RimRkDlkIxKmkNfEasSs=":{"valueMac":{"type":"Buffer","data":"Xf1iGVfQQQSkmJgFAVXyZyGiHDa1csfXpVXBgKJGnv8="}},"XMu6d9G8PGAGNE1oGbNIcaypz53672nGmo6fk8DUVLM=":{"valueMac":{"type":"Buffer","data":"eq3+fKMHyuKRVAwtyDqqQziHtUZ/kPYBag/nmze6E18="}},"VP1m15gIQo/jJNa2EP+MlufW26PbeUyJdHTRN0QY+mU=":{"valueMac":{"type":"Buffer","data":"OdTQVCaGUYbDoCRJAL/NuJrl2bFV19TSDB02nwK9OUs="}},"auiLRj/gSmd9RcU0+CDJzmv9U2x9/P7wgXb0ph7TKNI=":{"valueMac":{"type":"Buffer","data":"QEhT2Orw1EtgIwz40vFfoefECk/GR27Y/cyONr+bqZk="}},"JwIHd/C1pI03NNTFzZ59vQpoJhAWVEgBPcymBQ9z9So=":{"valueMac":{"type":"Buffer","data":"MPrtl+ewLUHiHeHfejqOrH94dutsdc09Mm1AHCK32es="}},"3BAcfQ9l7dQXgMjReqcLHdOFZBWyhusWa+4uM53z3Aw=":{"valueMac":{"type":"Buffer","data":"ciVeG+3ZP18/FmIg09skmTZbId/jo3hkUF890KxeWi8="}},"JE1u6gjyVHpD3zjyFShWGHPMMM+yO18Bx6+RuhBTnrA=":{"valueMac":{"type":"Buffer","data":"vC1jFFnVTIeusfzJX/bApODWFHOSMpYlU87eBGAUwGY="}},"S9FJaPzHWMZn9zeeT4jXMmNbQwXQxjwSyXmxUdmkJMQ=":{"valueMac":{"type":"Buffer","data":"+nTJ35MG49pgD3xaWbdOiP2XHoyVxh3xcZNClrM1cDc="}},"PrpABJBjcn7NptTkxvzTwpzXW5oLS7+CEptoStIj5Ow=":{"valueMac":{"type":"Buffer","data":"0HOS9m1FEZjpEaCMGGIswAWLgvZjoVxGXatxNlXMYWI="}},"aFmGHvwzV9B2IB1kTBsgaCcP7RJob6LH35/NZZCxP3w=":{"valueMac":{"type":"Buffer","data":"Ch3WPWcv+zj0DZ4DoyRnCPNS972oc0dMoHJxr9+kOI8="}},"w7kDjKihcGsJlRsvu2p+PHi4GJcb337MkiPSvgdQjKM=":{"valueMac":{"type":"Buffer","data":"N+iNc2N1qpbnzpnSAFAFAsPMpd63fDmSxhuTe9+a+VY="}},"rqZkiob/rkmsKrDBicJuFOz5Kdt9+A/PquniXHVPb/c=":{"valueMac":{"type":"Buffer","data":"AvwJA7JAYJEsrN84ufLK2gRaiVChbPIF38o2GJzzbyc="}},"rQ1TUJvZgmnrpAl7Td3BLo20uax3ddXnC7CqAFnQVQo=":{"valueMac":{"type":"Buffer","data":"NLOC5zs5yVEJ1YfyMRAeWaExYxWKSRXfL3MjP/VtMlg="}},"uKJWBitXoB34YHuv4wlvgmEMhUywNNIHFN7G2tq1pGs=":{"valueMac":{"type":"Buffer","data":"avzi4KSrsc+v19qz6GOHbWlsfk4S0x8XfT2UOM9DOAg="}},"G4CWQTX9whf159wqYbhIMypEB5ZcU+iDvzkmpTA/mMg=":{"valueMac":{"type":"Buffer","data":"NSeSq9F2/WZ0Nr62YbZFD/7f4tkQWStTaplrRWrU2zw="}},"aKT2BfFDcvyGduE38txk3sY3pTApyD5uucOfmZsp9Gk=":{"valueMac":{"type":"Buffer","data":"uAriG5Z75fAfn9Dl5fHZQgPGPm6x8Y/sMuMQWDNd6aA="}},"0oa7l8ppILjmLzfkxyUMhm44YP9W8T+qrDSBeZMGpPA=":{"valueMac":{"type":"Buffer","data":"kAX+372FuG28+Q2GM/MdOsmGSNa9A7dbdv0d6XVw+IU="}},"k+UBGYbi4OK838eRHYOs7L6V6ZREOHlhfq5LJC0wU9E=":{"valueMac":{"type":"Buffer","data":"NVVmLwzbsaXsfqau1Hsa6m+2g1iFlnkj8VziMv3Z17I="}},"cWaKVua5+qQTx4YQKyQnPc6xff5SwFUYr+Dp7wHk91E=":{"valueMac":{"type":"Buffer","data":"rP6ALS8Sn1sJpNY+AFLl7EWR7krWM+6AvQOranebNck="}},"QreE1ZMt3TGlKEujkXml932A1ig3br5Q0RcZgRg8180=":{"valueMac":{"type":"Buffer","data":"rBGgktiJ7+tfR04SmqA2YxxpeDa/mfwsM1V9ThjayYo="}},"4HJNnuPTlYOo5t7Ioc37GPUpHvNs+iUKZ2recwGr3qs=":{"valueMac":{"type":"Buffer","data":"Z96YHjuYsBo+IZZZgosV48HZbjh0v9OOgyoeluCYqWA="}},"lM7noaAjssG7Hct0yBOCBZi7AsyRreg8B27bUX5R7vY=":{"valueMac":{"type":"Buffer","data":"CmC1DWfEHrQGI+NxMe7xoWachp3Z60lRkoGLTSATc28="}},"LdHJB79YGpUZEUEnADSZUy7/5E8fghRH3CGTQsRZFDQ=":{"valueMac":{"type":"Buffer","data":"RNQLOrGTVfxIS83XaJFPnT5EkVOzzGwtD13+r86F9cM="}},"kI0ByfHi8/3Gs4aPdpu5dpZH+ux3NvR8CSODwp8hl3Y=":{"valueMac":{"type":"Buffer","data":"1xEuEXzKNXdThkJ1otmBbt+StLwYEIrLi4Fhw47f/PI="}},"eDEol4LjTC995oXc6ZiFoTI9PVXnJVf4VQDNdu6ddZ0=":{"valueMac":{"type":"Buffer","data":"VMntRLbFEHIEZF28u+W3us+SyOBnCNkRupCCIUtTIeU="}},"umbmtP9Ziun9gerQqIkpl+0tfpwtaqautz/urmYcRQ4=":{"valueMac":{"type":"Buffer","data":"0X2kgb+7hmDeLLDY585jg2U1Uc7C4FvVVzMS/kJwEHA="}},"F45E9DQNnbFtB4knPZesaFl2ya9i1WyEG2rw4jgaVEM=":{"valueMac":{"type":"Buffer","data":"LNRXPxbmZtdrjR6t0UxGyEoHNcz4RkEq4f84oQSsTkM="}},"HOTaHYj7JpHMvEjeMEVlVXooNJTpIMDr60r1IJ0solA=":{"valueMac":{"type":"Buffer","data":"USRgJtBnGMmdqtER4dkAq99kbaJw9fd3kpmG+O+gw4w="}},"RbAHDNzrrdhI63QYZjOaw/lHpZcLI3ImePCdXLHn+0M=":{"valueMac":{"type":"Buffer","data":"7IcJO7Fn4l29ykb5TkRchgfsa3RdEOdVUz+tgYJRhhE="}},"LfYTXYabOEdK6/WNXTDcGBc/XMlUaenGi2PHjctCyqQ=":{"valueMac":{"type":"Buffer","data":"hzzoZrcfDTmIvDfnmWsc7KJnBbp3t7CKVvxNO7tDjPs="}},"UMd4uZu9KOx+6IJNcwBcn98fFKClGXD5fVqsnHWy6qw=":{"valueMac":{"type":"Buffer","data":"+hdTnfFIzx7tzhFCyvhjEypCDF2JLZeQveKcGmttfTY="}},"cBLcj7jlwwaJnXsipVveWB6c2cKWTomWgUqx3FdSJsg=":{"valueMac":{"type":"Buffer","data":"URLZrASpAjE/0ONXQGa2oR/Ryj4Ivjh5vG5AppJ9v1g="}},"qOHmaz3CsJp4lRQ0+6B/zuN7W0Im7I/D8dAGqhQcox0=":{"valueMac":{"type":"Buffer","data":"47dVIIsjkgK6tjqTTH3G1kwUIbUzxaEpwIyesDMAcug="}},"kt4LjFoX60Rj4cLNTNv4sQJuKzPeF7hrCl7N6KrRTmo=":{"valueMac":{"type":"Buffer","data":"Pw7ZKb9iuf0fdbhJ1SAEzF7i+LMmMe1ZRi12A2mArag="}},"6qIpkcpH7FAxA1vAC9Km9uNeOuaQ5uQFKRO8j5K+8LY=":{"valueMac":{"type":"Buffer","data":"eN/saNW1+G6cmKutmj0o5P7m7/noUI2UIPtvB0hOWPw="}},"Wc6qNw5i8P1bIlyBPYkOATZjhnKXDZfxnarx63l/eq4=":{"valueMac":{"type":"Buffer","data":"eHIeq9pkr2Tx0WnlJsH4ygXFncO74a36wOlMAS/Cgts="}},"A5kmUKd2E7DKet+8fBuLtSTOEmIW4qDDdAA8LYOzoVE=":{"valueMac":{"type":"Buffer","data":"ZFLmoW9QkLD/ItupFyex3X5nD8pHl1yNPig04t+4khQ="}},"mKJ/CZ+uLEK58hv18iTZP0FB6FGlHKXByVeFcr876Kw=":{"valueMac":{"type":"Buffer","data":"yrwX+aqPUdeiJUWcVbnl48rfs+5XRMCw67REPHJKEqs="}},"1fMHLC7fJoCS7JFilUpY4/ugJeOGQ7XwatGg6XevnDU=":{"valueMac":{"type":"Buffer","data":"/J6N9Fdk9qCi8NSxaA1iv10/NZRwV/ta9mPQc6eD+t4="}},"N0Ecj4ytgeOTVxSRqR/45VMbFd8wS2mpq6uqLWpjl0Q=":{"valueMac":{"type":"Buffer","data":"DAQxVht8KNCrF8SU9u5IjJoqBjAPr68PgFcRobgf2OI="}},"lW5eG2D/dQ3ckP9xys/RVi9iUNdIzlcqE1uRlyebuGs=":{"valueMac":{"type":"Buffer","data":"RV0lfHmRB4zN18gt5j8UApwHtercX1361waSCbHAY/M="}},"mxEw6P0R7bdAMWeAODAYmWfy94Gzku+jtiWmruPCTsE=":{"valueMac":{"type":"Buffer","data":"qjjC67l7+G9eYo/X0xbxdxGKD5HbFz0r6/b9vMYhHs0="}},"aDL+XHNvsrpm0wOU0VkglyXIZpsFDsj8rsGdQYayHLI=":{"valueMac":{"type":"Buffer","data":"Ad3dV2kbKCgAoCiN+um48S0Ku/K/3rJAhrQXz5GpQNE="}},"ASUeRTEfAynjvnO8ZN50J0lUAuhOqCi45CpiGBzUcvY=":{"valueMac":{"type":"Buffer","data":"+pQvphhPwCRVKNowq/MiRqoWLhb3oNNrr4ezIWP7OVU="}},"0HVy4VJVVudBMABIqyJ2EtA7Z3QpId08fwJd5s5czYs=":{"valueMac":{"type":"Buffer","data":"VYrC4MOFa/GWjQAfKS24NEgu55pI/WrQypWZiT8FrV0="}},"hjBbLvUacr8Ol86CoqzqKDLStgIl9ChVzaTSCLbArvY=":{"valueMac":{"type":"Buffer","data":"qyodpwPcTNZaRw2RfIGuafW52wnuYsuLrn6IYQjZSA4="}},"Knmrev7NTWrsJO2xA9+tclhOeTKocF9uyMAEmfyvSFE=":{"valueMac":{"type":"Buffer","data":"nyilbQ7PGAWUfXI//Mv3xXePbLUkKERr8/DNP1jxyyg="}},"4Novrr1vPw54l5eN7sq1gtK1CQWdOX+VRAJxGRsUwCg=":{"valueMac":{"type":"Buffer","data":"qCPtQg+zzM4QZ7xayQyMpRO/TTvlf4Xbz7GsIDOXWyQ="}},"b5czo5ilC9ofW36aT3ybpj5fi+VXu5u3xEWnhpOdkP4=":{"valueMac":{"type":"Buffer","data":"cIwYp7ZkqJDDj3Z4fu3IUL4UIiw0hIE+nS+ops6X/z0="}},"VmYI1bIpdc++jFzXp+gRsHOY0Dq/SMOKJ5UlT0XIogM=":{"valueMac":{"type":"Buffer","data":"ISNKebuEiwl/1Vzh2pVqlKJBn3LSYpsSol2giNF8eiM="}},"5Wiyd/iwxl+EvHLejyZW+9yBOy1nlt7wqGCBzCj3A+A=":{"valueMac":{"type":"Buffer","data":"HQE07mI+4ut2SozduScCXO/uADwoOO4CuTZhHNQjTOw="}},"ljEWBf4EIfpt0AvRHrAcyoxEkvtOJZmNN+7Ft94lYtY=":{"valueMac":{"type":"Buffer","data":"6VQkFXqiaEA377eU/MhkBZJWZA1QgQyh9LfBhnysFac="}},"qFPHQ/fRbYBKPRcO0aM1E1Zuj3aZ/VqZy54bE/qNccY=":{"valueMac":{"type":"Buffer","data":"nhg0aJtj9dbBoX1oBbw2HGQQiE7EC8/PUY9h9nukOvo="}},"bLExYD7TzeD4YKdYE99zaE16PaRu2o9NmMMfN67sGUw=":{"valueMac":{"type":"Buffer","data":"9gBi2mp0cwAH07VxlNwkCsjN4zt+sThtIMpbQISVISI="}},"Amdjjcdvfni5L4cfGnnBamCsutsJc00cRlncdKMIE1Q=":{"valueMac":{"type":"Buffer","data":"eaAT10IszZOg8Eu93fb9G2v47pB8VdeFWp6avcc0K1E="}},"iJIjz3/u7k4HsJTs/j5PwEFnjkgIPShUzRzezhKD/TE=":{"valueMac":{"type":"Buffer","data":"/B/5etDsq4RUiydCEUrPkfRsFjtGRkG9M9XUeoh8Q1A="}},"kJ7C4ogZSnRKWt9CET1qPRYHagejxzZNN58pEBMJcsY=":{"valueMac":{"type":"Buffer","data":"/ly9yfCGVg2uDKaWFxR9WGpFGjv1kSftFZ0JiEBYJQY="}},"VKD4LPrqBTnWZjpBCZ5CEYHBuEkmyxZ68Rfz6BB5X1I=":{"valueMac":{"type":"Buffer","data":"difEkMfvcKJV3q+DgDdWMASVxCcoGaQu/btRT51Bfqo="}},"B3fkY5CeFJKXOoPAxWMSpYrAtzKxqYu+ECPeiD1x8FQ=":{"valueMac":{"type":"Buffer","data":"U3oCfOlRMJhhV6h/khPPgBKF5WEmvcNLX84+Z5RWTEs="}},"GQvazEq4ghW2nHUZy42dYpsfWE5UK+D76vnXxhvqDO0=":{"valueMac":{"type":"Buffer","data":"nkADOrhAkLtpEcouyer5eDAxE/1zWEgHqgwq/CnXNmE="}},"m5rOJpKXsdmw5gf1XwmNHbPU23t++RhdgXgZ64TQT74=":{"valueMac":{"type":"Buffer","data":"JDJp905t4WxnX3SHVdbi89Pm/sDrlAEiA0SjyGsBT3c="}},"7+j0ebW+SzJjlXJxxSeVnjp/EYuet5dLgSN6h8p9jpI=":{"valueMac":{"type":"Buffer","data":"ETc66t6FAni55Ua7kFnFL7RlKmTCRzin1BowNY33+zQ="}},"O4mWdrzbK2eYNugh/1Y6501+i/tvWV/YYJOppP7AGhk=":{"valueMac":{"type":"Buffer","data":"WtnKIKAK/5yPsTZCubxhr7DnDoURd1WBsWsP6VurZjI="}},"I6zBaQrCnQ0D0P7kEXXQFPN6ubRWgBQ9TthIr4iIUm4=":{"valueMac":{"type":"Buffer","data":"RA+1CQBPoS4PAOj21Dut2ORdyrAhORZc4RSsTvc/xQg="}},"BoXN6K166YVH9gC5NPEASp5900+79V9YgKy6wEXQjuk=":{"valueMac":{"type":"Buffer","data":"ewZVmenaZlbROxeqVg3bTEHIDJuua+qPhHMDv+nSJM4="}},"e5ExsW+1BYHeSM+OGr9CrC7xatHD3dngPGppQJV0rFg=":{"valueMac":{"type":"Buffer","data":"KQA09aATwV42ZU+Mp3Lu175sBdbC7GKTdiI0tMDFBV4="}},"davIlkddCb1pwEZsTLrJH9X97ytHHGBZCcr6seTtSOc=":{"valueMac":{"type":"Buffer","data":"TRGFaBzwA0Lc6iDGmAkfHCUI4S9P/rbn9r0TwZkVlmE="}},"8gIVrwnFQHJ8V7rxfHMLdNaCwVr/KOVpxt8lzDHBE4I=":{"valueMac":{"type":"Buffer","data":"PxgqDnrn1lT/S3j+tOInrC9s319LTXhWhUm9sKaVkHE="}},"uUODALaW7awodAdelak2/XROg0xUsFdq9AqTCw3kNZ4=":{"valueMac":{"type":"Buffer","data":"gfdTCmWPFzN79emcvTFvumZjwQ+u3SzQD3YjcKa8Xc8="}},"moA9n2VRW6NU2ggkhrALzrVkXZlmL0/8DbsoxO2XVrg=":{"valueMac":{"type":"Buffer","data":"ZbPYm6MJBg/9/0gH5OBjudkq3NyqRTc3guHrVpxHUUE="}},"MsWudbDNFu/cujrbIRgT6MnhI7melgWX/nPZ8FT0kgs=":{"valueMac":{"type":"Buffer","data":"cEbMw+logkUxaTYw+aJw1OsgOS52nPt5tMwP4tXFwHg="}},"KLwjeM0LDMV9jQknoD6xDKPQV384folg/XFTuAe+7kI=":{"valueMac":{"type":"Buffer","data":"jyuts4x3bWWA8OJtc1sOelo+Vxw/Jfq8BtBf7uQ5Hh0="}},"In/+QoCoifbR+M3Ugu06sj8dEZJbmYav/CDBO9r8+H0=":{"valueMac":{"type":"Buffer","data":"K5nanYMxQEr0jyaVGQo9AP2W8SIhjWXVZ0q6NdDwoB4="}},"AZldP+3BK31clRMA2VpH8oeqp/QelssfOtGRvRLbowI=":{"valueMac":{"type":"Buffer","data":"eLU5T6xZiNYJnLg4EdwbYVr94RVOmChu+XprGny1b8c="}},"VGCmRZKCgLUKczDSKlj6ztm0RUqoSlFfutZy9Md9eMw=":{"valueMac":{"type":"Buffer","data":"GffUrYU31Sp6vQhyxgP9jhCueoRurCGVx1S/DnB4MlQ="}},"VKN2BMOYLJnzTOPUv3IbsMUBruZNt8VFSd2ZPHvi5ak=":{"valueMac":{"type":"Buffer","data":"bi8nnNBoDDwqWGQByWZsOoH4yihUOduW0nWOMTMAONY="}},"S1YieYOjoXY49VPdFSrJpHSCJS+lAAgOakTDvAvh66g=":{"valueMac":{"type":"Buffer","data":"f1KK13OVaI0rGna3mL8orG/i2GyhNeJF73QoBisC6fs="}},"kPU+pCsI1BT3Egh4xhR4BFR6tuXbkn/XF1gYKGyyRCM=":{"valueMac":{"type":"Buffer","data":"BNNJX0UwSzn74ECBvYSPc+aSMuNAjYtMjOuuEmTly5Q="}},"zlMbmPaW4DgZwUEc4Haa8+q4nztcww9zRfTUO9ra3oo=":{"valueMac":{"type":"Buffer","data":"d8qpsow7k51K587ZTb37xEr3Hs1mCZj9xjXfWfu5OrA="}},"CIZxP1GFuuYs/LR395asHQ7TVaL2PhVhbxZYzdOVKYo=":{"valueMac":{"type":"Buffer","data":"lb3j9oMclekJEIya7iEK4Ddxb9KJ2FUCxTGxz/FDIGc="}},"b4bW84avplwgbFaDAZWvVKH2AtMts0XRViirCg00Y7A=":{"valueMac":{"type":"Buffer","data":"ITODmV7PotgIQdGXgCi6bbojQRmp4OX/m+XfZ9bWOKE="}},"Qyv1H368m5l1Z4+HpaaC18HAR7j1fI0ReUhq2yYbdME=":{"valueMac":{"type":"Buffer","data":"ZcUaH2OqVK1GcSORFfR1vGcKdjV6FanR5eDGt31Km4o="}},"Y5gX3KHvJcA/sKKyYzFQUw4ni6CYr96VD82lyW8b2Ms=":{"valueMac":{"type":"Buffer","data":"0cDKYi1XWX1/Ebol8wP7iQ8mY0B7f9q8pmbLmu0oQdE="}},"/k3I/KYYm4w/l/lAgK0RKQdhtotrxTBKUPdGjVNrg9U=":{"valueMac":{"type":"Buffer","data":"MRxnZNpLUXFnbZjmQ6E00ruaiAnVmmBgvtPLhdHCVJ4="}},"ZqdWS672W6rwRns59LKqvGtYKkiLN2/Q5pjtiBj8vXY=":{"valueMac":{"type":"Buffer","data":"af/vWem1bY46XFPckWU2ZgEvUNGgP1xSAi6fqyFeFZc="}},"NiXKGSKp2Nd2/mfx1qV00W4KogP6uyW9WUJURxc9IBA=":{"valueMac":{"type":"Buffer","data":"/sGDy9THzk+i1r67FCBeeps5DktwEFa59Npe+cCZw/U="}},"Kv9MyKoLvuXeUQ7LwD1lY0wR1oiG//+ucDj59qKDccw=":{"valueMac":{"type":"Buffer","data":"EIK1ZVQ8X5yAiMfXgwyKEhtf/xV6ly3x/VJ2hMmhI1w="}},"cUPSUaB25ZqaFvCFxpKVdi6YeMoBdl7Ru3h3Ezt2t0Q=":{"valueMac":{"type":"Buffer","data":"D/IXX+1s6thytct7zFDeO1qGA6BNctBTVqkPvLQzzMM="}},"9rCsBpjdzWtKzVgmmiBSZXmUpSVXB/aqfiqvloy6z5A=":{"valueMac":{"type":"Buffer","data":"aiiigTc0J/MOHI+9Kae7aagcrfB4nqlC1K7iDpAX2co="}},"a0hJelcfVPPncyaUoWquF+PQ+1Vz8KRMBJuo+idlOnE=":{"valueMac":{"type":"Buffer","data":"I1kibAxo6TLlUHh5YPqTVGBB0LlFVxaVcHsCngMJK3c="}},"WnOZ2pWfBsagVLvSEo9kVeKEHjF+nqskMD1AJFdd+QU=":{"valueMac":{"type":"Buffer","data":"gqbFu1tfi3cPW3FgkhuJMsdoB382PJzEKEm3AfIKzxk="}},"Z+Q+ALgU0RxR5N5oB1fxzwgi0S6UNtj9sJoT5Kr0Ieg=":{"valueMac":{"type":"Buffer","data":"fI84drhtdnY0IlQxzXBDBT5BLlJVv1EDF5bvKNEdjBM="}},"8g//4oVZ7/FlqmBPXULGtFLo361lf0A49EyRfZ6KsWo=":{"valueMac":{"type":"Buffer","data":"489uorHufUIAvWLuzVBmY/zk8HUAfJr9YAAsAVIr/Rk="}},"XerVDtOTHjJQEveqK2CUw8PF0CsbGRXvxvUSk9jB+lQ=":{"valueMac":{"type":"Buffer","data":"WQNF27Qkz0OvnvrmXmKNZ86gXFkZmfrUGXfVoarXcc0="}},"NVhkrDRj4kSqncWWdEqKrMJwFK0iSaVbFwDkgd0VhiA=":{"valueMac":{"type":"Buffer","data":"zWBBsWcfFTeHVUWhNACiB8aPZgnnMxnoiHwhWdFTyYY="}},"aOM2h3y3e/YU2pedbOSHNyqoqproImkbrjPkLJkHtTA=":{"valueMac":{"type":"Buffer","data":"kmVyf5let6+rE2N/3BANp5NBLpUEOMmfo36hE5zJyOs="}},"NL6x5ycFQCTyoPCoVdNFOgZD5i3M34olABc9ukj2itU=":{"valueMac":{"type":"Buffer","data":"xb/UjZujmKfxSS6l3UwZS/vXda/OIDTRiys47h+7Cv8="}},"2qqhEeiEJ9weHyjcRRDp7kDUcpX6cAMBMQCQ99PWv78=":{"valueMac":{"type":"Buffer","data":"uOh14BtV7NVwOBF4HwdyvwYldZYqPJwCSb0dB1u3JoQ="}},"WAopZWK9iNb32Ko/TkdNEIfptMycAPMt79e+1z3VbV8=":{"valueMac":{"type":"Buffer","data":"jDnmSAHMGW476LFHQOqXRK8BwwiIbfDjBDNn5SVt4iQ="}},"borXndeBtuYWIP3u/4h5JpUSVPGDHB4GIcfMi0zcfQU=":{"valueMac":{"type":"Buffer","data":"e6QYacaOpiobdrvRY7dd/4YI6rrNQ5l3bG13yn7iOkQ="}}}}