{"version":7,"hash":{"type":"Buffer","data":"pSbhDrE9lsC5t8455i/ZER46nA4CAIvaM5hqgQ0xKyUEY14o7rIRiZQXErfhJJA83ZCMhD9DtbWFN7dPu5nhh1Nqrh0ZWot+mjMzw9WrA6fS4KJqKt9MFGpxGh492hFyJ5QQH6mh8Do6d7RjoUm7IvwHuTl+xvBOADKx2mshYV0="},"indexValueMap":{"DLvo53CDiZMkdyQuFmUWWnHW1Z+o3oO9jGZo3Uzg0+4=":{"valueMac":{"type":"Buffer","data":"axgDHxwvkxw/y8bR92tyJobYsElMYmHSOrBOcFQO0TA="}},"G16vJixVcgjSzHMICgGMwANiNpHzuIHSc2olwYS+vGg=":{"valueMac":{"type":"Buffer","data":"a3vU8hwIGvifVv8cWOl6uJBIqQbX+BKhQfuACKbgkuA="}},"KqJ5byO8R8dFAIopG3GZlVOHLmnkxpb4TrqtF58xaow=":{"valueMac":{"type":"Buffer","data":"5RmpO8C1FYPVJN/R3ohbDsxvojFbxcWwAoF8JmKktyE="}},"TsvUOtnXkemMB8j6HHtfvEimXMSxmMRw9kZAY71mlAk=":{"valueMac":{"type":"Buffer","data":"aXI5Y1wd+QjR0hz6COd71KB3UZnaLQauwOY5GKPlX00="}},"VHz/vIr82QLqApLJBYHd6Hxq0Jt4SzVTjP96L/MUZYU=":{"valueMac":{"type":"Buffer","data":"Gkc2fiEJPXBWcT39y3BKwz5plcywPmERT2N6RhNZXvg="}},"Z+e4Mfte9ptnPQy7VXJFffOaAvRS9ijl6sdxIsuvKSA=":{"valueMac":{"type":"Buffer","data":"50OgZZ+0NY9hLgzj6C13SuZdOV+3BKgf11cItZAlzWc="}},"hxjfrUj0wyU7IYIk7M28ML4o10fbVHEdZPeQkzmcB/4=":{"valueMac":{"type":"Buffer","data":"BviqZ1TUoyBSQZMLVULNwmWGzQ/iMrL7mJFLN97kcrI="}},"iXfLFX/P+k9odLWAO3oj+JQ7io0MdYhY1SrtTmzrssY=":{"valueMac":{"type":"Buffer","data":"g3eDj3kW7puH/dfev604Ti6abbz4Dm4NByvN60gATZ4="}},"q+PJBx9SYM5otpaT49csSznLanPsZT7TC1F+18T9lyw=":{"valueMac":{"type":"Buffer","data":"oOYR7z422otM0vp3+WH8cnRFSnLOZQ6c1FCvaedMdbU="}},"sq91qZwOn8b63K3vk7kSwKvtkrDvtu+Gmio1BLNBJm8=":{"valueMac":{"type":"Buffer","data":"ndy7gcWyfrvxt3o83/ONVWIYf0wBZutc90I3XB3hUF0="}},"ukSvktnAXq1Ia4Y6R8aGGaPHfv/MZnYOGo0jTi9TWag=":{"valueMac":{"type":"Buffer","data":"BUScvAj5Xu7dhTtvxAo9QmGCmJPw5MvgSxuFOQbo1o4="}},"xMOztT6RoXwYyMOSXtwfVq3SvZ+1KJHxa3MOk18CULU=":{"valueMac":{"type":"Buffer","data":"XYfdo30Q/TnPQsXarb69GXaVoECExJ+5cIhzXsWOmxE="}},"ydD+/eUYg73vAoTKcGquC/h9nE903q2iVPLhpuCI2qc=":{"valueMac":{"type":"Buffer","data":"qZfZnWIof5kdtywgk1NVfFUcmcbeTzEwzE96HdMoygw="}},"00LZ1/fukfxB2jV7eEJIjrdvCHQ34xa1DYzWbZsMNuE=":{"valueMac":{"type":"Buffer","data":"nRpA1w4yhmXHa98i7NCOCKrRwLkQPETTHW22POUyfU0="}},"2w7aobP7i8EnF+pkQN9Vb/s4cLHbDheACmmAf9D7mrM=":{"valueMac":{"type":"Buffer","data":"NvbOwg/2V16Z87/tmjnqb0L4caA2N2NqiLmyHWNdXSQ="}},"6LI7N/wRzBf/TKq2vmC6PEta26R7qbRKWp8WL+KhOFk=":{"valueMac":{"type":"Buffer","data":"Xldcv6vwxfOK8REhDf5NxSdUGcK6gmthRHhw0Vl7lyY="}},"wGDfmS7LuLCUiCg+wVOSVNGqXhfy5QUq5I6KG7NNwUU=":{"valueMac":{"type":"Buffer","data":"L8sbQKzcwJZgRquD18EEtk6bMk9ExJuqMmCtwhHrkbo="}},"FP+nr3n9+o8A7WDkBPG7TksLBMaq6Gz5vIO3Vw2nZVs=":{"valueMac":{"type":"Buffer","data":"RjjYuZPgQjK9JpJ1+nTZ4cjn1Xvuo4VCx4FNjeyTWts="}},"Xl+DV8tMZbzSmtqn9xBwxr7MlifbSjIOCPltcQ+T++g=":{"valueMac":{"type":"Buffer","data":"xYC/fgdyfx30C5hA4+1abPpC/v1Nyb/hkSpVF/55HvU="}}}}