{"version":6,"hash":{"type":"Buffer","data":"2CFKeqDCojBJ3zEJsfAtZlLXxjl2MB6yueGRnduHoMgUUBRBHQkI1DHlhjNMiAqtpLGVfTm2vtSz1qqALt8xdJXHVAKOK43HWXFGPdNWTtML9k1MLNv1rXPT/PhW5lbI2L6NTscjFOQdAwMoU08HmBmas7xT9uvN7P+v53UwCjE="},"indexValueMap":{"ACDpDoxvwohitooSJyUFYnGhmXL4btK+Z20EUSgtIXI=":{"valueMac":{"type":"Buffer","data":"hrc+zeCF9HCyl0CYFDYm11iXLY/jzw0KhDNyPICR+vs="}},"A8y8f9RUdLrz06PnZFhqO964cRb3jxqzB7IA9K5nWFg=":{"valueMac":{"type":"Buffer","data":"GjHwOE5+YC1pmFyF9b97dfPzcB/kUrUWQ2k8h/67q5M="}},"B292wGHvOF4LUQbRkXDdy4X99axm+SL83eQZ0x0c7QE=":{"valueMac":{"type":"Buffer","data":"yvcCN/mnbdSZ4IzIvTOl9RjFTUF0W4FSpMYRWXeF02w="}},"Ji/eBVXJ+qFYVtbxNvdhqjUP8zbYOpnevW0Y06Lqz+g=":{"valueMac":{"type":"Buffer","data":"6JGLxcLigsRwdDn5Y6UWKoEo2zdHiDvRWrxw8Pcylzc="}},"L2UsMWIMOf14BlD/ikQrnpG7B7ShJovv7yxWeEeWbzE=":{"valueMac":{"type":"Buffer","data":"50JIGo3fLUp3d2CE1w+U2ZX1B+Tyn7Yzk8Dm4xcMenQ="}},"MJce9R2ccS4aNLqBe/40nFTSUY+x7yVQi35iFQU8lkg=":{"valueMac":{"type":"Buffer","data":"dgxmbyJTaJaIsd63lrpvaOfOJ5OnCf7ztBqIDninGAg="}},"MUPbjw8XerKvewHgbvfNI6e0p3oppXggF0zRg3JYsdo=":{"valueMac":{"type":"Buffer","data":"Vjnf0khLMDeA3wVCiCC5Fjizvn/3bvgR7R/sloWX/eM="}},"QeTrj2FlgNljb/11RsiiUu+43eNjOs1gEbm2kPjaaYU=":{"valueMac":{"type":"Buffer","data":"KDc1hffdbO138GZU48JK3NsEZd00bYBR2Dudi7RoLnc="}},"VAuKNSObnM6IJHkvgj1BxmQSFrnNFsymD0o/NnV48Zc=":{"valueMac":{"type":"Buffer","data":"6Ek5k8ES0MAhPcYxtpdvoq26TS2aCWwGJ75emWN2rgs="}},"V2bpIi4vGTALsGsST1bi1qWiZICir4+hwCV/EWZkD94=":{"valueMac":{"type":"Buffer","data":"z8IoGgGP9D3QSnxPxXRspg6KEQuxjp4qX+uD2DqdsSg="}},"aDO2JJv3Hro8brse4o4TTeo0ua5WWpidUNr1G4zZeeE=":{"valueMac":{"type":"Buffer","data":"02/8K1H4QMudFC4Q2Yn0+LXtjQ4NgDOlIVDccdyPWng="}},"iGJsykbjK5kaZRJethx1Ga+YdVsM2JuVpdMHZgC8nJ4=":{"valueMac":{"type":"Buffer","data":"pvJjn1O13hiN2HBhx+9qbPc/ij7cT5MiHlGDahXpPv4="}},"lSG3d6OzNm5U2FW2pyDXMQeq1UQvTjrDFEnknfec244=":{"valueMac":{"type":"Buffer","data":"z98LNTmG3DkUc8G9QUnnbsxHfFNjU+1rssqLJZ2p9ik="}},"oSlsSydsrewHK5KlUp7JMdwENKMxE+us9WWO9tOw00o=":{"valueMac":{"type":"Buffer","data":"RLqGx5OcQcP+jSVGoP++Wz9GnrS3UIS+SnZ+JoRqK9c="}},"phZz1sqC2QOQTJNgRTh6UQWOf6aqTOaWMQB4/o3u2ao=":{"valueMac":{"type":"Buffer","data":"vgBC40YTHITXOhaAscvmNksp7w5AAD+MM6KN8LXYnAY="}},"pjzU8czrZ+QnKzCx5qHAb8A8+SObrWllNrT6bbD1Me0=":{"valueMac":{"type":"Buffer","data":"KOmAhk2dXk9zdt8pnjN3INafAPCGIGsQYeLlx3Z23L4="}},"q6TY0jlh6R78jM5Aijs7vJMCmZ3ExdMJ8exxXV7Mdtw=":{"valueMac":{"type":"Buffer","data":"YLfxAF10VK9I7DGwjpquvzI2hNIgwFuumFBuhYKhOAs="}},"ugzXUA7ZHpfC/hGL9D8qIs74pw2688itMyPxykZuxRE=":{"valueMac":{"type":"Buffer","data":"KXTD5WSroUsd1xs+Ffiagwlhrix1VltidDpmZT1lr5U="}},"v8nE9PKcbDss3sboaQ0QL50EFYvSBvfCmj+H15UIl0M=":{"valueMac":{"type":"Buffer","data":"9MBrPrmOUzVLDwUMPOcgvPqc+U2ZOQjbudcNVPZx7xg="}},"wH2iDdhokU70u2a1Ebwq6VzI2dqIi0dMcyAi3tnLmeI=":{"valueMac":{"type":"Buffer","data":"uQROFgrk175gt4+o2JVGdwEmf68PAL9UUslznpxs3Io="}},"8vyLzWD9dwnTbhCUGXr8DzesbBpRnXQHwXVppJFJNOk=":{"valueMac":{"type":"Buffer","data":"YB/ofx1g6hX7qAUJI4HZ50aV5Tvto3D6Pq4S2l/nsJE="}},"miLEgfgTvEvn9j+ZycjjK4BE4vcVtYbGco0nXen3jyc=":{"valueMac":{"type":"Buffer","data":"Qg53CbO7PTvQcOql2eKrYIyUGWGlWg9LmVjFTGXT+dk="}},"N5gDxEBsFtOEx6Lc+7bT0n4nlamlm0D8rwMwWC9Vw6M=":{"valueMac":{"type":"Buffer","data":"+Fm5kp9bVdfGiZIQ8vehPf/xo/mKWjtswnoDjPMy4Xo="}},"6s8OFumpF9yY0s//ubdDqmFg9iBLSgjDDag6y7cLmYU=":{"valueMac":{"type":"Buffer","data":"k89qq8SwBYXxFWfUIj7P7ctAasXp8vS2RDuvnpWkHeo="}},"/r0gc8/qYVyw4Tu3t2QqEj1RxAKWMgjN8FH0Fmfa1d8=":{"valueMac":{"type":"Buffer","data":"bxdDwPNSonz/J4ckfzE8CXkiqtCWBvUwxnzpy93wmQY="}},"gioP3XqRJWFhwYHZw8entnMshXbfv9OgnHbRGEzMGFM=":{"valueMac":{"type":"Buffer","data":"0zIsIOJy61FRy5Ho4BTCxrtOXuLtP+k6T6vRJ2hwOK4="}}}}