{"version":2,"hash":{"type":"Buffer","data":"8B960N9XK2YW3ApMhRy+pWTT4vst1DJIbl/x/0E5QpjJsv6Wt2yQYn/udG3OWlrAhR5x71YB4A+TGx2rtbl1eHGFF9/gLoLsBSyb1fw88V2OeU+vLhtZk2y73yxhNqo53utZp5bBLUa8AXb2BcDvIOS0Z1rQhW7MZ6LWegdAxRQ="},"indexValueMap":{"wyYkKw5KXxlkrC+8JA+LVWvRGYYr2JrPX5caDhyl8tQ=":{"valueMac":{"type":"Buffer","data":"AcUpIdngasj789HR7MhOt+Ozy56u1XeKsmiT2OJ0o6I="}},"2T7gDm1CENiyUOu21PHCGE/6N3/ymnDf+x+RlNBtu1s=":{"valueMac":{"type":"Buffer","data":"aqqtYsZQ+4eO7PtwCYObV8FUaGDGKdt2SHbbLtcLLV0="}},"SOlpq8hZssWFkaGfOVfMfn4L9UWSY5PaP02krOqivvw=":{"valueMac":{"type":"Buffer","data":"nXizomUbU8/4DICrDaMf2brqaw+8lHcGAwsfpUzB5n0="}},"MXmdYajk8vXcKKfAoMS2G1Ved+sUwWTLSwWVnLHZ8o8=":{"valueMac":{"type":"Buffer","data":"VzB/q5qNBhVDKE7BkCI6dXQKMfjUUN/OGbFds1077S0="}},"VVP+jFAf1d0ohUCzzH2CWDAiD7sNte+9pZ+GRqDtom8=":{"valueMac":{"type":"Buffer","data":"4lFzv/jbSnzkIu+xCKnQeAM83TieZo4vWSJPa2GF3a4="}},"5yUKEHFP8h+dYhgi4nK3owDbtD+chNBn+pjmtkAPT5U=":{"valueMac":{"type":"Buffer","data":"2mkJxc7YlRHUB8ibnGzr4+9zqsppmrKxijGxP1/QzBU="}},"I4JkqVw32lqqwySaTv7YQApHAy8wSFSOSBbCDXMraS8=":{"valueMac":{"type":"Buffer","data":"9HiYPjqYBOShndAIUE3Yj+KFaAmAONywtEV1mpwq0lw="}},"KEHQBSloVt8bpkUOEFqwZ0sj87YI0+ufNfPWUtsJic8=":{"valueMac":{"type":"Buffer","data":"Cog78ASYH0o+zruu5Z3PgAG1iqi8a7Rlk8rNSEzRq5o="}},"5KTVGtGa4mIfWn4slyhr6V68N+UShwukQg2VLjWg0hg=":{"valueMac":{"type":"Buffer","data":"KdrokW2lq21UHza5ci79RKf2o4m2appjYaGFhxRvYxA="}},"qwbE74/FtLGiqobgSdIIrLpNLyPTS1U3vunr5Ll0rRQ=":{"valueMac":{"type":"Buffer","data":"s0rQatuxBNNbtkHOeJlZtMo9HpNAYaeJ+qQD3LVRfuU="}},"zeG0Wm5MsWYqHbG1QdrfOC50d6OEX2EkCxGM1lnxrVA=":{"valueMac":{"type":"Buffer","data":"AnXWPIOmSthmtiv50SKCHAP6q9GBS+VN5Xkn1gAW5Po="}}}}