{"noiseKey":{"private":{"type":"Buffer","data":"aLJ+HxbLnUyd1KpC90Bzakj/ALRlfWikKpMXjf/j1F8="},"public":{"type":"Buffer","data":"ewFiHJC9MY0mgelhcyfccmbi9ROiajGfpcFryvE6KDI="}},"pairingEphemeralKeyPair":{"private":{"type":"Buffer","data":"gP7b8AoIRczlmO6JJ1OWSR01MdPKqf43crZeH5hc42I="},"public":{"type":"Buffer","data":"pMF/D4FmPO16kqKdZfoZqHPjSRkdEKBfPJTnJ3e0Ok8="}},"signedIdentityKey":{"private":{"type":"Buffer","data":"eId0BTCpAh79fHYwyjId/N1tNUvl6HKZRXEise4/bXw="},"public":{"type":"Buffer","data":"9BSRoqr80MXjQU6+lf4ZzimGqtRK7138vv4sAJxiDWY="}},"signedPreKey":{"keyPair":{"private":{"type":"Buffer","data":"WM30fhVGUigDWvBYhLH+9kslEIAschOSzqTG4z3r4ng="},"public":{"type":"Buffer","data":"nqZrVJFleG+9o5cEnH5Gho/v424JAPNtxmp40Kv0yGA="}},"signature":{"type":"Buffer","data":"Us0u2q7GFo4Mq+qwmAOulCYcx1FuJ0mL3icybZoleAhm8JYMIFy8YfG3n1a2fekF0UP01Bl+MjHgaUSbq5XHgw=="},"keyId":1},"registrationId":106,"advSecretKey":"UwdIU+lKeIzVQOriAtEe9pWBdq2Su2+aep0sODrl11Y=","processedHistoryMessages":[{"key":{"remoteJid":"6285723701289@s.whatsapp.net","fromMe":true,"id":"361FF8FF599B0509C92794840CD3FFEC"},"messageTimestamp":1714712604},{"key":{"remoteJid":"6285723701289@s.whatsapp.net","fromMe":true,"id":"2D89CD004CC2141093CD98D3CAACEABC"},"messageTimestamp":1714712609},{"key":{"remoteJid":"6285723701289@s.whatsapp.net","fromMe":true,"id":"2C5B6E8C2DAF6D2B486C007B870A41D6"},"messageTimestamp":1714712760},{"key":{"remoteJid":"6285723701289@s.whatsapp.net","fromMe":true,"id":"D81E7A67A2B55C3C428A7B0CFECDF532"},"messageTimestamp":1714712761}],"nextPreKeyId":31,"firstUnuploadedPreKeyId":31,"accountSyncCounter":1,"accountSettings":{"unarchiveChats":false},"deviceId":"2x3OPyH6Se67Jz6ZojrkwQ","phoneId":"d8be8d4f-acc9-45cd-b4d6-eea96e1a95ed","identityId":{"type":"Buffer","data":"oEBFT0h1GmZGRtd/AFm1DWs9NYA="},"registered":true,"backupToken":{"type":"Buffer","data":"PdjcJrFjM9+io1gU/NblmMZ8Npk="},"registration":{},"pairingCode":"B4AZNWSX","me":{"id":"6285723701289:29@s.whatsapp.net","name":"Mark Zuckerberg","jid":"6285723701289@s.whatsapp.net","lid":"203139521228960:29@lid"},"account":{"details":"CLaYqycQlODRsQYYASAAKAA=","accountSignatureKey":"dCghPnNaWXesPhceWTzs/JHAj649daNM157zvCvwakI=","accountSignature":"8YFYxOPEwZVUOnYZ09P927Cgh0JImejdxT00gV75ynSwAHa8rcDoGXHxWs0GY5PExE432Bb6NXi4oIDmSN9HDg==","deviceSignature":"lfL01USY59JHAaTtmjkX5hE21gPyHC166xeTSNiDkPLDkttG5/fjXyt3GQ45wha14eur0gdJKBaqs9aJWBAdiQ=="},"signalIdentities":[{"identifier":{"name":"6285723701289:29@s.whatsapp.net","deviceId":0},"identifierKey":{"type":"Buffer","data":"BXQoIT5zWll3rD4XHlk87PyRwI+uPXWjTNee87wr8GpC"}}],"platform":"smba","lastAccountSyncTimestamp":1714712599,"myAppStateKeyId":"AAAAALGK"}