{"noiseKey":{"private":{"type":"Buffer","data":"yP8NpNU2HUAYXdi49Giox38v84VmVvld/rpRcKPkwGk="},"public":{"type":"Buffer","data":"bkM+GD/LUObKKhl/INNNFLrBsXliQ0YI2khOHUeMsi8="}},"pairingEphemeralKeyPair":{"private":{"type":"Buffer","data":"ICfrGQoWfYliccUDcQt0FiayHxAtQRND6U46nZ9ebGw="},"public":{"type":"Buffer","data":"TErWwoTcNx2owy89h7ikkppijXiF4rmK0Wky1czP9So="}},"signedIdentityKey":{"private":{"type":"Buffer","data":"iO35AFJdpHjkGRu58cMzVIsLPz4VvsENLNBjYBZcD1A="},"public":{"type":"Buffer","data":"/PNcinKnnvrPy1ul/idDALmMrlALGee1LMmlVJ+4imI="}},"signedPreKey":{"keyPair":{"private":{"type":"Buffer","data":"EG2cw8fKbFxDQvACaIdY/xKvIjWRtW/9D1xIKY9W2mA="},"public":{"type":"Buffer","data":"ZzRAkOOyZ3ioq6A0eyyXiQ45Mpf4mzRDW0Pm+pF/kF8="}},"signature":{"type":"Buffer","data":"LRCKNdJBaZdKIKQNZ33x6YBz+4A2YfH44vf2YxwZCMflztwR+wSTo+jvnwgE5gBwzVpUz/Kk4xztIivT3Bgehg=="},"keyId":1},"registrationId":192,"advSecretKey":"7uUV1Qowcn6Xs0OlFd2x+ACwP8ZRzZXr3QG+N56tqIU=","processedHistoryMessages":[{"key":{"remoteJid":"6285723701289@s.whatsapp.net","fromMe":true,"id":"9C820391E0C20D0797EF739F9BC2C60D"},"messageTimestamp":1714538487},{"key":{"remoteJid":"6285723701289@s.whatsapp.net","fromMe":true,"id":"8D3153996CF2BCE245AB889101B7B3FB"},"messageTimestamp":1714538495}],"nextPreKeyId":31,"firstUnuploadedPreKeyId":31,"accountSyncCounter":1,"accountSettings":{"unarchiveChats":false},"deviceId":"g9EqqZhQR92OObnV5n_urg","phoneId":"1275961d-fc27-42b4-af52-019e229f1633","identityId":{"type":"Buffer","data":"GxTokVswfRkGAyFU8hBufvwHQ6Q="},"registered":true,"backupToken":{"type":"Buffer","data":"i3sVvw1Kclv03w/N8XrBLm1Cr5I="},"registration":{},"pairingCode":"FK6MVRPL","me":{"id":"6285723701289:27@s.whatsapp.net","name":"ASISTEN 2","jid":"6285723701289@s.whatsapp.net","lid":"203139521228960:27@lid"},"account":{"details":"CLSYqycQ7o/HsQYYASAAKAA=","accountSignatureKey":"dCghPnNaWXesPhceWTzs/JHAj649daNM157zvCvwakI=","accountSignature":"BysDulOW9hzUdmVnzqcb/Q5q5SGPsiZUn+xx+nViLSIDBk9kThmlVhfUlJ5FCtqYJmgMcnTq4uro6Y7nZWryCw==","deviceSignature":"ZnoRfUPerNZ3YLl5k2noipsGGFvaRFaCkeSg5vg+Jup/p4dJ3FRZywiUx31or8AuP3KUoBtrNe5ID8peVxIqgA=="},"signalIdentities":[{"identifier":{"name":"6285723701289:27@s.whatsapp.net","deviceId":0},"identifierKey":{"type":"Buffer","data":"BXQoIT5zWll3rD4XHlk87PyRwI+uPXWjTNee87wr8GpC"}}],"platform":"smba","lastAccountSyncTimestamp":1714538481,"myAppStateKeyId":"AAAAAKAv"}