{"_sessions":{"BXyFHcUMSaT2z5gmBJHRz8FwWVM9XKLvhQlLbVImnv5/":{"registrationId":1569563731,"currentRatchet":{"ephemeralKeyPair":{"pubKey":"BXJaXtQf2wD18LmfgrlFvg2usKnCZxKDtWHES+inats5","privKey":"WMSfJLPkwmzS8upL3GII0YLIqqIi9pGuhDoh/I9tXWc="},"lastRemoteEphemeralKey":"BQOBhN7N/jVYjfiZ8r/jczaR06zQv3B7QmkjrLM6bmlG","previousCounter":0,"rootKey":"blwArhxtOJsh49607Sr43vdC4HlZdf3Q5kFWf+AVCRg="},"indexInfo":{"baseKey":"BXyFHcUMSaT2z5gmBJHRz8FwWVM9XKLvhQlLbVImnv5/","baseKeyType":2,"closed":-1,"used":1714712601489,"created":1714712601489,"remoteIdentityKey":"BXQoIT5zWll3rD4XHlk87PyRwI+uPXWjTNee87wr8GpC"},"_chains":{"BQOBhN7N/jVYjfiZ8r/jczaR06zQv3B7QmkjrLM6bmlG":{"chainKey":{"counter":8,"key":"aJt2AXED+I8pemem7nYhSCWkFVmUCrVrdYm0arw6Na8="},"chainType":2,"messageKeys":{}},"BXJaXtQf2wD18LmfgrlFvg2usKnCZxKDtWHES+inats5":{"chainKey":{"counter":-1,"key":"QLmE24r5ieYRyJiGeWyP5nH9Ws21tFYhB/u3vKtIlnc="},"chainType":1,"messageKeys":{}}}}},"version":"v1"}