{"_sessions":{"BXtA+/tdzBWfTY6ejIrV1E2YzYTplBlDj0NScDYiuc0u":{"registrationId":531508613,"currentRatchet":{"ephemeralKeyPair":{"pubKey":"Bdx2x6muNAvyNbcT3nJ3V8xIK2s5xIWVcez5PPOtvxJn","privKey":"aEDZLhITkAISfzjA+T86oUHSmcLMiVJkmAnofVxF4l4="},"lastRemoteEphemeralKey":"BTba9S9pUyp9RTZ+eoY596C5WBx+tAU/HH/753s4K5NR","previousCounter":0,"rootKey":"Z2T1qZIhuGpsjzyRxH3u12TJz7vIyBDlxIOuJ2kHhVQ="},"indexInfo":{"baseKey":"BXtA+/tdzBWfTY6ejIrV1E2YzYTplBlDj0NScDYiuc0u","baseKeyType":2,"closed":-1,"used":1714712718213,"created":1714712718213,"remoteIdentityKey":"BXyBsPkF1KwKHp7NJjBIL5RlW5uXKXrep4dqKvxljhBQ"},"_chains":{"BTba9S9pUyp9RTZ+eoY596C5WBx+tAU/HH/753s4K5NR":{"chainKey":{"counter":0,"key":"BYK793c+e2IOa/iRDIy/w/GhTHZeVKp/0geQF5LUn7w="},"chainType":2,"messageKeys":{}},"Bdx2x6muNAvyNbcT3nJ3V8xIK2s5xIWVcez5PPOtvxJn":{"chainKey":{"counter":-1,"key":"tnypM3ov35bEgWBdHmHKapDdgVh0MOnxvPPRTWWZhNQ="},"chainType":1,"messageKeys":{}}}}},"version":"v1"}