{"_sessions":{"BRB/jwk+SdCMi9i2i91SekgcS3rCzYHfSmvf1WiW1jJ9":{"registrationId":1569563731,"currentRatchet":{"ephemeralKeyPair":{"pubKey":"BXPv/iVo4jyG0bFxvMKX9mZadpepbjuzvb+tUIklAbFW","privKey":"SNwggtvX/eHgZxrtYpwqm55e+LouKTIUyjarqrAqJls="},"lastRemoteEphemeralKey":"BSVaEQfH47+2cxz/obz0TEEKza8x7Rf1aXjN6ascelZg","previousCounter":0,"rootKey":"EVhGS1vKsTbc6rhuwsUX7jlQtpJDvTGECvjvTiOfqxM="},"indexInfo":{"baseKey":"BRB/jwk+SdCMi9i2i91SekgcS3rCzYHfSmvf1WiW1jJ9","baseKeyType":2,"closed":-1,"used":1714538482826,"created":1714538482826,"remoteIdentityKey":"BXQoIT5zWll3rD4XHlk87PyRwI+uPXWjTNee87wr8GpC"},"_chains":{"BSVaEQfH47+2cxz/obz0TEEKza8x7Rf1aXjN6ascelZg":{"chainKey":{"counter":6,"key":"BBT3czIu+fATpY2JDlZUhFL4skRj/137XqLNBRkjHJI="},"chainType":2,"messageKeys":{}},"BXPv/iVo4jyG0bFxvMKX9mZadpepbjuzvb+tUIklAbFW":{"chainKey":{"counter":-1,"key":"tKU46Mg2/hc1UB+P9jH298LaFHy8DbgmetY70q3RzNU="},"chainType":1,"messageKeys":{}}}}},"version":"v1"}