{"_sessions":{"BcWuPJpmFQk3QaYwIB8K2zs/RBeDQC2d91djRsIFat9C":{"registrationId":1655929297,"currentRatchet":{"ephemeralKeyPair":{"pubKey":"BaY34EzuNohEnt6IHfw/Je49gVhPF7YyAtVsXdvN9kte","privKey":"UG2WL0xOqpkC8CBzY+T+TrcOSCUt571E2LbYlTycPFA="},"lastRemoteEphemeralKey":"BWmxyghWuiRa8+oXObVvvgaZamz3V1pIdez8utN2VBIJ","previousCounter":0,"rootKey":"ckQk5wGvfGOdZE1qYXdfhdzjypJI03rv6In9kGdNS+4="},"indexInfo":{"baseKey":"BcWuPJpmFQk3QaYwIB8K2zs/RBeDQC2d91djRsIFat9C","baseKeyType":2,"closed":-1,"used":1714712696368,"created":1714712696368,"remoteIdentityKey":"BZoCpYgy/XrcL0hBBEHAWltPFSlloasq6IWIWHsQA5oD"},"_chains":{"BWmxyghWuiRa8+oXObVvvgaZamz3V1pIdez8utN2VBIJ":{"chainKey":{"counter":0,"key":"/a/bR5iwbvFRQi9jR5ExdJW3zmdD5pQk3LIiixirm1g="},"chainType":2,"messageKeys":{}},"BaY34EzuNohEnt6IHfw/Je49gVhPF7YyAtVsXdvN9kte":{"chainKey":{"counter":-1,"key":"8e34VsPVaycKZBYOZZ1a06fLMPf9/Cr59djwcG5pOjI="},"chainType":1,"messageKeys":{}}}}},"version":"v1"}