{"_sessions":{"BaJT0cCeEi+zEtiGF7LSRrajVfuU/iWZp4RHll65REZg":{"registrationId":120106908,"currentRatchet":{"ephemeralKeyPair":{"pubKey":"BSZBHEY9OcHebVBCzo34SzKzzIg/eeMJJ4MMnPOYuw8b","privKey":"mMHA0GLJJlCQtvVEIrKJwPXdWoIPyEDwxMZwccZ53XQ="},"lastRemoteEphemeralKey":"BZ7fKp9DI7lzYR1mnBSv8/kr/wveHLPD/RWOU6nwYlxN","previousCounter":0,"rootKey":"/ixzgvqvvQnrJGXrJ+7Ufu9dVCwGJcJPTO4rxaMN3Ys="},"indexInfo":{"baseKey":"BaJT0cCeEi+zEtiGF7LSRrajVfuU/iWZp4RHll65REZg","baseKeyType":2,"closed":-1,"used":1714712719020,"created":1714712719020,"remoteIdentityKey":"BQO6vVBnXiufzUH5HsqJbXIktmAE7lYpgF1c7P1v6bFV"},"_chains":{"BZ7fKp9DI7lzYR1mnBSv8/kr/wveHLPD/RWOU6nwYlxN":{"chainKey":{"counter":0,"key":"k7hhp/YAwQOEPxpWxXUrnPnCpIQbgzWw6o4Goey+Uk4="},"chainType":2,"messageKeys":{}},"BSZBHEY9OcHebVBCzo34SzKzzIg/eeMJJ4MMnPOYuw8b":{"chainKey":{"counter":-1,"key":"ruMUKckjmEI3Y2ekbID4hX8g0rbphvNzQC8n/oBJPVs="},"chainType":1,"messageKeys":{}}}}},"version":"v1"}